"","Compound ID","ESOL predicted log solubility in mols per litre","Minimum Degree","Molecular Weight","Number of H-Bond Donors","Number of Rings","Number of Rotatable Bonds","Polar Surface Area","measured log solubility in mols per litre","smiles","compound"
"1","Amigdalin",-0.974,1,457.432,7,3,7,202.32,-0.77,"OCC3OC(OCC2OC(OC(C#N)c1ccccc1)C(O)C(O)C2O)C(O)C(O)C3O","amigdalin"
"2","Fenfuram",-2.885,1,201.225,1,2,2,42.24,-3.3,"Cc1occc1C(=O)Nc2ccccc2","fenfuram"
"3","citral",-2.579,1,152.237,0,0,4,17.07,-2.06,"CC(C)=CCCC(C)=CC(=O)","citral"
"4","Picene",-6.618,2,278.354,0,5,0,0,-7.87,"c1ccc2c(c1)ccc3c2ccc4c5ccccc5ccc43","picene"
"5","Thiophene",-2.232,2,84.143,0,1,0,0,-1.33,"c1ccsc1","thiophene"
"6","2,2,4,6,6'-PCB",-6.545,1,326.437,0,2,1,0,-7.32,"Clc1cc(Cl)c(c(Cl)c1)c2c(Cl)cccc2Cl","2,2,4,6,6'-pcb"
"7","Estradiol",-4.138,1,272.388,2,4,0,40.46,-5.03,"CC12CCC3C(CCc4cc(O)ccc34)C2CCC1O","estradiol"
"8","Dieldrin",-4.533,1,380.913,0,5,0,12.53,-6.29,"ClC4=C(Cl)C5(Cl)C3C1CC(C2OC12)C3C4(Cl)C5(Cl)Cl","dieldrin"
"9","Rotenone",-5.246,1,394.423,0,5,3,63.22,-4.42,"COc5cc4OCC3Oc2c1CC(Oc1ccc2C(=O)C3c4cc5OC)C(C)=C","rotenone"
"10","2-pyrrolidone",0.243,1,85.106,1,1,0,29.1,1.07,"O=C1CCCN1","2-pyrrolidone"
"11","2-Chloronapthalene",-4.063,1,162.619,0,2,0,0,-4.14,"Clc1ccc2ccccc2c1","2-chloronapthalene"
"12","1-Pentene",-2.01,1,70.135,0,0,2,0,-2.68,"CCCC=C","1-pentene"
"13","Primidone",-1.897,1,218.256,2,2,2,58.2,-2.64,"CCC1(C(=O)NCNC1=O)c2ccccc2","primidone"
"14","Tetradecane",-5.45,1,198.394,0,0,11,0,-7.96,"CCCCCCCCCCCCCC","tetradecane"
"15","2-Chloropropane",-1.585,1,NA,0,0,0,0,-1.41,"CC(C)Cl","2-chloropropane"
"16","2-Methylbutanol",-1.027,1,88.15,1,0,2,20.23,-0.47,"CCC(C)CO","2-methylbutanol"
"17","Benzonitrile",-2.03,1,103.124,0,1,0,23.79,-1,"N#Cc1ccccc1","benzonitrile"
"18","Diazinon",-3.989,1,304.352,0,1,7,53.47,-3.64,"CCOP(=S)(OCC)Oc1cc(C)nc(n1)C(C)C","diazinon"
"19","2-Undecanol",-3.096,1,172.312,1,0,8,20.23,-2.94,"CCCCCCCCCC(C)O","2-undecanol"
"20","2,2',3,4,6-PCB",-6.627,1,326.437,0,2,1,0,-7.43,"Clc1ccc(c(Cl)c1)c2c(Cl)ccc(Cl)c2Cl","2,2',3,4,6-pcb"
"21","Lenacil",-3.355,1,234.299,1,3,1,54.86,-4.594,"O=c2[nH]c1CCCc1c(=O)n2C3CCCCC3","lenacil"
"22","Phorate",-3.747,1,260.386,0,0,8,18.46,-4.11,"CCOP(=S)(OCC)SCSCC","phorate"
"23","Phenacetin",-2.342,1,179.219,1,1,3,NA,-2.35,"CCOc1ccc(NC(=O)C)cc1","phenacetin"
"24","Dinitramine",-4.479,1,322.243,1,1,5,115.54,-5.47,"CCN(CC)c1c(cc(c(N)c1N(=O)=O)C(F)(F)F)N(=O)=O","dinitramine"
"25","1-Heptanol",-1.751,1,116.204,1,0,5,20.23,-1.81,"CCCCCCCO","1-heptanol"
"26","Theophylline",-1.452,1,180.167,1,2,0,72.68,-1.39,"Cn1c(=O)n(C)c2nc[nH]c2c1=O","theophylline"
"27","Butethal",-1.974,1,212.249,2,1,4,75.27,-1.661,"CCCCC1(CC)C(=O)NC(=O)NC1=O","butethal"
"28","P,P'-DDE",-6.553,1,318.03,0,2,2,0,-6.9,"ClC(Cl)=C(c1ccc(Cl)cc1)c2ccc(Cl)cc2","p,p'-dde"
"29","Methyl octanoate",-2.608,1,158.241,0,0,6,26.3,-3.17,"CCCCCCCC(=O)OC","methyl octanoate"
"30","1,4-Diethylbenzene",-3.633,1,134.222,0,1,2,0,-3.75,"CCc1ccc(CC)cc1","1,4-diethylbenzene"
"31","Terbufos",-4.367,1,288.44,0,0,7,18.46,-4.755,"CCOP(=S)(OCC)SCSC(C)(C)C","terbufos"
"32","Phenmedipham",-4.229,1,300.314,2,2,3,76.66,-4.805,"COC(=O)Nc1cccc(OC(=O)Nc2cccc(C)c2)c1","phenmedipham"
"33","1,1-Dichloroethylene",-1.939,1,96.944,0,0,0,0,-1.64,"ClC(=C)Cl","1,1-dichloroethylene"
"34","1-Methylfluorene",-4.478,1,180.25,0,3,0,0,-5.22,"Cc1cccc2c1Cc3ccccc32","1-methylfluorene"
"35","Valeraldehyde",-1.103,1,86.134,0,0,3,17.07,-0.85,"CCCCC=O","valeraldehyde"
"36","Diphenylamine",-3.857,2,169.227,1,2,2,12.03,-3.504,"N(c1ccccc1)c2ccccc2","diphenylamine"
"37","Fenothiocarb",-3.297,1,253.367,0,1,6,29.54,-3.927,"CN(C)C(=O)SCCCCOc1ccccc1","fenothiocarb"
"38","Piperophos",-4.637,1,353.49,0,1,9,38.77,-4.15,"CCCOP(=S)(OCCC)SCC(=O)N1CCCCC1C","piperophos"
"39","1-Iodoheptane",-3.904,1,226.101,0,0,5,0,-4.81,"CCCCCCCI","1-iodoheptane"
"40","3-Chlorobiphenyl",-4.685,1,188.657,0,2,1,0,-4.88,"c1c(Cl)cccc1c2ccccc2","3-chlorobiphenyl"
"41","4-Pentene-1-ol",-0.791,1,86.134,1,0,3,20.23,-0.15,"OCCCC=C","4-pentene-1-ol"
"42","Cyclobutyl-5-spirobarbituric acid",-0.527,1,168.152,2,2,0,75.27,-1.655,"O=C2NC(=O)C1(CCC1)C(=O)N2","cyclobutyl-5-spirobarbituric acid"
"43","menthol",-2.782,1,156.269,1,1,1,20.23,-2.53,"CC(C)C1CCC(C)CC1O","menthol"
"44","Isopropyl formate",-0.684,1,88.106,0,0,2,26.3,-0.63,"CC(C)OC=O","isopropyl formate"
"45","2-Heptanol",-1.678,1,116.204,1,0,4,20.23,-1.55,"CCCCCC(C)O","2-heptanol"
"46","p-Bromoacetanilide",-3.012,1,214.062,1,1,1,29.1,-3.083,"CC(=O)Nc1ccc(Br)cc1","p-bromoacetanilide"
"47","brompyrazone",-3.005,1,266.098,1,2,1,60.91,-3.127,"c1ccccc1n2ncc(N)c(Br)c2(=O)","brompyrazone"
"48","nifedipine",-4.248,1,346.339,1,2,4,107.77,-4.76,"COC(=O)C1=C(C)NC(=C(C1c2ccccc2N(=O)=O)C(=O)OC)C","nifedipine"
"49","2,7-dimethylquinoline",-3.342,1,157.216,0,2,0,12.89,-1.94,"c2c(C)cc1nc(C)ccc1c2","2,7-dimethylquinoline"
"50","1-Octyne",-2.509,1,110.2,0,0,4,0,-3.66,"CCCCCCC#C","1-octyne"
"51","cyclobarbital",-2.421,1,236.271,2,2,2,75.27,-2.17,"CCC1(C(=O)NC(=O)NC1=O)C2=CCCCC2","cyclobarbital"
"52","Chrysene",-5.568,2,228.294,0,4,0,0,-8.057,"c1ccc2c(c1)ccc3c4ccccc4ccc23","chrysene"
"53","Bromacil",-3.419,1,261.119,1,1,2,54.86,-2.523,"CCC(C)n1c(=O)[nH]c(C)c(Br)c1=O","bromacil"
"54","2,2',3,3',5,6-PCB",-7.185,1,360.882,0,2,1,0,-8.6,"Clc1cccc(c1Cl)c2c(Cl)c(Cl)cc(Cl)c2Cl","2,2',3,3',5,6-pcb"
"55","2-Methylphenol",-2.281,1,108.14,1,1,0,20.23,-0.62,"Cc1ccccc1O","2-methylphenol"
"56","2,2,5-Trimethylhexane",-3.631,1,128.259,0,0,2,0,-5.05,"CC(C)CCC(C)(C)C","2,2,5-trimethylhexane"
"57","1,4-Dimethylnaphthalene",-4.147,1,156.228,0,2,0,0,-4.14,"Cc1ccc(C)c2ccccc12","1,4-dimethylnaphthalene"
"58","6-Methylchrysene",-5.931,1,242.321,0,4,0,0,-6.57,"Cc1cc2c3ccccc3ccc2c4ccccc14","6-methylchrysene"
"59","2-Pentanone",-0.846,1,86.134,0,0,2,17.07,-0.19,"CCCC(=O)C","2-pentanone"
"60","2,2',3,3',5,5',6,6'-PCB",-8.304,1,-429.772,0,2,1,0,-9.15,"Clc1cc(Cl)c(Cl)c(c1Cl)c2c(Cl)c(Cl)cc(Cl)c2Cl","2,2',3,3',5,5',6,6'-pcb"
"61","Methyl butyrate",-1.545,1,116.16,0,0,3,26.3,-0.82,"CCCOC(=O)CC","methyl butyrate"
"62","Triamcinolone",-2.734,1,394.439,4,4,2,115.06,-3.68,"CC34CC(O)C1(F)C(CCC2=CC(=O)C=CC12C)C3CC(O)C4(O)C(=O)CO","triamcinolone"
"63","p-Aminophenol",-1.231,1,109.128,2,1,0,46.25,-0.8,"Nc1ccc(O)cc1","p-aminophenol"
"64","Benznidazole",-2.321,1,260.253,1,2,5,90.06,-2.81,"O=C(Cn1ccnc1N(=O)=O)NCc2ccccc2","benznidazole"
"65","Atovaquone(0,430mg/ml) - neutral",-6.269,1,36684.4,1,4,2,54.37,-5.931,"OC4=C(C1CCC(CC1)c2ccc(Cl)cc2)C(=O)c3ccccc3C4=O","atovaquone(0,430mg/ml) - neutral"
"66","Trietazine",-3.233,1,229.715,1,1,5,53.94,-4.06,"CCNc1nc(Cl)nc(n1)N(CC)CC","trietazine"
"67","Pyrazinamide",-0.674,1,123.115,1,1,1,68.87,-0.667,"NC(=O)c1cnccn1","pyrazinamide"
"68","Carbromal",-2.198,1,237.097,2,0,3,72.19,-2.68,"CCC(Br)(CC)C(=O)NC(N)=O","carbromal"
"69","2,2'-PCB",-4.984,1,223.102,0,2,1,0,-5.27,"Clc1ccccc1c2ccccc2Cl","2,2'-pcb"
"70","nitrofurantoin",-1.243,1,238.159,1,2,3,118.05,-3.38,"O=C2CN(N=Cc1ccc(o1)N(=O)=O)C(=O)N2","nitrofurantoin"
"71","Nitrofen",-5.361,1,284.098,0,2,3,52.37,-5.46,"Clc2ccc(Oc1ccc(cc1)N(=O)=O)c(Cl)c2","nitrofen"
"72","Camphor",-2158,1,152.237,0,2,0,17.07,-1.96,"CC1(C)C2CCC1(C)C(=O)C2","camphor"
"73","5-Allyl-5-phenylbarbital",-2.36,1,244.25,2,2,3,75.27,-2.369,"O=C1NC(=O)NC(=O)C1(CC=C)c1ccccc1","5-allyl-5-phenylbarbital"
"74","Pentyl propanoate",-1.899,1,130.187,0,0,4,26.3,-2.25,"CCCCC(=O)OCC","pentyl propanoate"
"75","Isopentyl acetate",-1.817,1,130.187,0,0,3,26.3,-1.92,"CC(C)CCOC(=O)C","isopentyl acetate"
"76","3-Hexanoyloxymethylphenyltoin",-4.153,1,380.444,1,3,8,75.71,-5.886,"O=C1N(COC(=O)CCCCC)C(=O)C(N1)(c2ccccc2)c3ccccc3","3-hexanoyloxymethylphenyltoin"
"77","2,3',5-PCB",-5.762,1,257.547,0,2,1,0,-6.01,"Clc1cccc(c1)c2cc(Cl)ccc2Cl","2,3',5-pcb"
"78","1-Bromopropane",-1.949,1,122.993,0,0,1,0,-1.73,"CCCBr","1-bromopropane"
"79","Propiconazole",-4.603,1,342.226,0,3,5,49.17,-3.493,"CCCC1COC(Cn2cncn2)(O1)c3ccc(Cl)cc3Cl","propiconazole"
"80","Formothion",-2.087,1,257.273,0,0,6,55.84,-1.995,"COP(=S)(OC)SCC(=O)N(C)C=O","formothion"
"81","4-methylpteridine",-1.24,1,146.153,0,2,0,51.56,-0.466,"Cc1ncnc2nccnc12","4-methylpteridine"
"82","Thiourea",0.329,1,76.124,2,0,0,52.04,0.32,"NC(=S)N","thiourea"
"83","p-Xylene",-3.035,1,106.168,0,1,0,0,-2.77,"Cc1ccc(C)cc1","p-xylene"
"84","1,2-Diethylbenzene",-3.601,1,134.222,0,1,2,0,-3.28,"CCc1ccccc1CC","1,2-diethylbenzene"
"85","Hexachloroethane",-4.215,1,236.74,0,0,0,0,-3.67,"ClC(Cl)(Cl)C(Cl)(Cl)Cl","hexachloroethane"
"86","Flucythrinate",-6.878,1,451.469,0,3,9,68.55,-6.876,"CC(C)C(C(=O)OC(C#N)c1cccc(Oc2ccccc2)c1)c3ccc(OC(F)F)cc3","flucythrinate"
"87","1-Nitropropane",-0.816,1,89.094,0,0,2,43.14,-0.8,"CCCN(=O)=O","1-nitropropane"
"88","Menthone",-2.516,1,154.253,0,1,1,17.07,-2.35,"CC(C)C1CCC(C)CC1=O","menthone"
"89","RTI 24",-4.423,1,273.723,1,3,1,45.23,-5.36,"CCN2c1cc(Cl)ccc1NC(=O)c3cccnc23","rti 24"
"90","2,3-Dichloronitrobenzene",-3.322,1,192.001,0,1,1,43.14,-3.48,"O=N(=O)c1c(Cl)c(Cl)ccc1","2,3-dichloronitrobenzene"
"91","thiamylal",-3.063,1,254.355,2,1,5,58.2,-3.46,"CCCC(C)C1(CC=C)C(=O)NC(=S)NC1=O","thiamylal"
"92","Fluoranthene",-4.957,2,202.256,0,4,0,0,-6,"c1ccc2c(c1)c3cccc4cccc2c34","fluoranthene"
"93","Propylisopropylether",-1.354,1,102.177,0,0,3,9.23,-1.34,"CCCOC(C)C","propylisopropylether"
"94","1,3-Dimethylnaphthalene",-4.147,1,156.228,0,2,0,0,-4.29,"Cc1cc(C)c2ccccc2c1","1,3-dimethylnaphthalene"
"95","diethylstilbestrol",-5.074,1,268.356,2,2,4,40.46,-4.07,"CCC(=C(CC)c1ccc(O)cc1)c2ccc(O)cc2","diethylstilbestrol"
"96","Chlorothalonil",-3.995,1,265.914,0,1,0,47.58,-5.64,"c1(C#N)c(Cl)c(C#N)c(Cl)c(Cl)c(Cl)1","chlorothalonil"
"97","2,3',4',5-PCB",-6.312,1,291.992,0,2,1,0,-7.25,"Clc1ccc(Cl)c(c1)c2ccc(Cl)c(Cl)c2","2,3',4',5-pcb"
"98","styrene oxide",-1.826,2,120.151,0,2,1,12.53,-1.6,"C1OC1c2ccccc2","styrene oxide"
"99","Isopropylbenzene",-3.265,1,120.195,0,1,1,0,-3.27,"CC(C)c1ccccc1","isopropylbenzene"
"100","Deoxycorticosterone",-3.939,1,330.468,1,4,2,54.37,-3.45,"CC12CCC3C(CCC4=CC(=O)CCC34C)C2CCC1C(=O)CO","deoxycorticosterone"
"101","chlorquinox",-4.438,1,267.93,0,2,0,25.78,-5.43,"c2(Cl)c(Cl)c(Cl)c1nccnc1c2(Cl)","chlorquinox"
"102","L-arabinose",0.601,1,150.13,4,1,0,90.15,0.39,"C1OC(O)C(O)C(O)C1O","l-arabinose"
"103","Dichloromethane",-1.156,1,84.933,0,0,0,0,-0.63,"ClCCl","dichloromethane"
"104","1-Ethylnaphthalene",-4.1,1,156.228,0,2,1,0,-4.17,"CCc1cccc2ccccc12","1-ethylnaphthalene"
"105","Methyl formate",-0.048,1,60.052,0,0,1,26.3,0.58,"COC=O","methyl formate"
"106","o-Nitrophenol",-2.318,1,139.11,1,1,1,63.37,-1.74,"Oc1ccccc1N(=O)=O","o-nitrophenol"
"107","thymine",-0.78,1,126.115,2,1,0,65.72,-1.506,"Cc1c[nH]c(=O)[nH]c1=O","thymine"
"108","2-Methylpropane",-1.891,1,58.124,0,0,0,0,-2.55,"CC(C)C","2-methylpropane"
"109","Inosine",-0.834,1,268.229,4,3,2,133.75,-1.23,"OCC1OC(C(O)C1O)n2cnc3c(O)ncnc23","inosine"
"110","Ioxynil",-4.615,1,370.915,1,1,0,44.02,-3.61,"Oc1c(I)cc(C#N)cc1I","ioxynil"
"111","Niclosamide",-5.032,1,327.123,2,2,3,92.47,-4.7,"Oc1ccc(Cl)cc1C(=O)Nc2ccc(cc2Cl)N(=O)=O","niclosamide"
"112","Pentane",-2.261,1,72.151,0,0,2,0,-3.18,"CCCCC","pentane"
"113","Phenol",-1.991,1,94.113,1,1,0,20.23,0,"c1ccccc1O","phenol"
"114","2-aminoanthracene",-3.789,1,193.249,1,3,0,26.02,-5.17,"Nc3ccc2cc1ccccc1cc2c3","2-aminoanthracene"
"115","theobromine",-1.05,1,180.167,1,2,0,NA,-2.523,"Cn1cnc2n(C)c(=O)[nH]c(=O)c12","theobromine"
"116","Isoquinoline",-2.531,2,129.162,0,2,0,12.89,-1.45,"c1ccc2cnccc2c1","isoquinoline"
"117","Anilofos",-5.106,1,367.86,0,1,7,38.77,-4.432,"COP(=S)(OC)SCC(=O)N(C(C)C)c1ccc(Cl)cc1","anilofos"
"118","Hexylbenzene",-4.22,1,162.276,0,1,5,0,-5.21,"CCCCCCc1ccccc1","hexylbenzene"
"119","2-Chlorobiphenyl",-4.528,1,188.657,0,2,1,0,-4.54,"Clc1ccccc1c2ccccc2","2-chlorobiphenyl"
"120","2-Methyl-1-Pentene",-2.348,1,84.162,0,0,2,0,-3.03,"CCCC(=C)C","2-methyl-1-pentene"
"121","2,3,4-Trimethylpentane",-3.276,1,114.232,0,0,2,0,-4.8,"CC(C)C(C)C(C)C","2,3,4-trimethylpentane"
"122","Pentachlorobenzene",-5.168,1,250.339,0,1,0,0,-5.65,"Clc1cc(Cl)c(Cl)c(Cl)c1Cl","pentachlorobenzene"
"123","m-Nitrophenol",-2.318,1,139.11,1,1,1,63.37,-1.01,"Oc1cccc(c1)N(=O)=O","m-nitrophenol"
"124","1-Decene",-3.781,1,140.27,0,0,7,0,-5.51,"CCCCCCCCC=C","1-decene"
"125","Glyceryl triacetate",-1.285,1,218.205,0,0,5,78.9,-0.6,"CC(=O)OCC(COC(=O)C)OC(=O)C","glyceryl triacetate"
"126","dimethirimol",-3.57,1,209.293,1,1,4,49.25,-2.24,"CCCCc1c(C)nc(nc1O)N(C)C","dimethirimol"
"127","Cyfluthrin",-6.84,1,434.294,0,3,6,59.32,-7.337,"CC1(C)C(C=C(Cl)Cl)C1C(=O)OC(C#N)c2ccc(F)c(Oc3ccccc3)c2","cyfluthrin"
"128","Pyridine",-1.481,2,79.102,0,1,0,12.89,0.76,"c1ccncc1","pyridine"
"129","1-Bromoheptane",-3.366,1,179.101,0,0,5,0,-4.43,"CCCCCCCBr","1-bromoheptane"
"130","3,4-Dimethylpyridine",-2.067,1,107.156,0,1,0,12.89,0.36,"Cc1ccncc1C","3,4-dimethylpyridine"
"131","Fludrocortisone",-3.172,1,380.456,3,4,2,94.83,-3.43,"CC34CC(O)C1(F)C(CCC2=CC(=O)CCC12C)C3CCC4(O)C(=O)CO","fludrocortisone"
"132","ethiofencarb",-2.855,1,225.313,1,1,4,38.33,-2.09,"CCSCc1ccccc1OC(=O)NC","ethiofencarb"
"133","Malonic acid diethylester",-1.413,1,160.169,0,0,4,52.6,-0.82,"CCOC(=O)CC(=O)OCC","malonic acid diethylester"
"134","d-Limonene",-3.429,1,136.238,0,1,1,0,-4.26,"CC1=CCC(CC1)C(C)=C","d-limonene"
"135","Indan",-3.057,2,118.179,0,2,0,0,-3.04,"C1Cc2ccccc2C1","indan"
"136","p-t-Butylphenol",-3.192,1,150.221,1,1,0,20.23,-2.41,"CC(C)(C)c1ccc(O)cc1","p-t-butylphenol"
"137","Cyclopropyl-5-spirobarbituric acid",-0.088,1,154.125,2,2,0,75.27,-1.886,"O=C2NC(=O)C1(CC1)C(=O)N2","cyclopropyl-5-spirobarbituric acid"
"138","m-Chloroiodobenzene",-4.384,1,238.455,0,1,0,0,-3.55,"Clc1cccc(I)c1","m-chloroiodobenzene"
"139","1-Bromonapthalene",-4.434,1,207.07,0,2,0,0,-4.35,"Brc1cccc2ccccc12","1-bromonapthalene"
"140","trans-2-Pentene",-2.076,1,70.135,0,0,1,0,-2.54,"CC/C=C/C","trans-2-pentene"
"141","2,6-Dimethylpyridine",-2.098,1,107.156,0,1,0,12.89,0.45,"Cc1cccc(C)n1","2,6-dimethylpyridine"
"142","Trichloroethylene",-2.312,1,131.389,0,0,0,0,-1.96,"ClC=C(Cl)Cl","trichloroethylene"
"143","1-Napthylamine",-2.721,1,143.189,1,2,0,26.02,-1.92,"Nc1cccc2ccccc12","1-napthylamine"
"144","m-Xylene",-3.035,1,106.168,0,1,0,0,-2.82,"Cc1cccc(C)c1","m-xylene"
"145","2-hydroxypteridine",-1.404,1,148.125,1,2,0,71.79,-1.947,"Oc2ncc1nccnc1n2","2-hydroxypteridine"
"146","Methanol",0.441,1,32.042,1,0,0,20.23,1.57,"CO","methanol"
"147","Amobarbital",-2.312,1,226.276,2,1,4,75.27,-2.468,"CCC1(CCC(C)C)C(=O)NC(=O)NC1=O","amobarbital"
"148","2-Butanone",-0.491,1,72.107,0,0,1,17.07,0.52,"CCC(=O)C","2-butanone"
"149","5-fluorouracil",-0.792,1,130.078,2,1,0,65.72,-1.077,"Fc1c[nH]c(=O)[nH]c1=O","5-fluorouracil"
"150","TUBERCIDIN",-0.892,1,266.257,4,3,2,126.65,-1.95,"Nc1ncnc2n(ccc12)C3OC(CO)C(O)C3O","tubercidin"
"151","1,3-Benzenediol",-1.59,1,110.112,2,1,0,40.46,0.81,"Oc1cccc(O)c1","1,3-benzenediol"
"152","1-Hexanol",-1.397,1,102.177,1,0,4,20.23,-1.24,"CCCCCCO","1-hexanol"
"153","1-Chloropentane",-2.294,1,106.596,0,0,3,0,-2.73,"CCCCCCl","1-chloropentane"
"154","1,3-Butadiene",-1.376,1,54.092,0,0,1,0,-1.87,"C=CC=C","1,3-butadiene"
"155","Propyl acetate",-1.125,1,102.133,0,0,2,26.3,-0.72,"CCCOC(=O)C","propyl acetate"
"156","5,6,7,8-tetrahydro-2-naphthol",-3.086,1,148.205,1,2,0,20.23,-1.99,"Oc2ccc1CCCCc1c2","5,6,7,8-tetrahydro-2-naphthol"
"157","chloroacetamide",-0.106,1,93.513,1,0,1,43.09,-0.02,"NC(=O)CCl","chloroacetamide"
"158","Iodofenphos",-6.148,1,413,0,1,4,27.69,-6.62,"COP(=S)(OC)Oc1cc(Cl)c(I)cc1Cl","iodofenphos"
"159","4-Chlorotoluene",-3.297,1,126.586,0,1,0,0,-3.08,"Cc1ccc(Cl)cc1","4-chlorotoluene"
"160","Metribuzin",-2.324,1,214.294,1,1,1,73.8,-2.253,"CSc1nnc(c(=O)n1N)C(C)(C)C","metribuzin"
"161","Tricresyl phosphate",-6.39,1,368.369,0,3,6,44.76,-6.01,"Cc1ccc(OP(=O)(Oc2cccc(C)c2)Oc3ccccc3C)cc1","tricresyl phosphate"
"162","Caproaldehyde",-1.457,1,100.161,0,0,4,17.07,-1.3,"CCCCCC=O","caproaldehyde"
"163","Butamben",-3.039,1,193.246,1,1,4,52.32,-3.082,"CCCCOC(=O)c1ccc(N)cc1","butamben"
"164","RTI 3",-3.049,1,255.277,1,3,0,68.45,-3.043,"O2c1cc(C)ccc1N(C)C(=O)c3cc(N)cnc23","rti 3"
"165","Nerol",-2.603,1,154.253,1,0,4,20.23,-2.46,"CC(C)=CCC/C(C)=C\CO","nerol"
"166","2,4'-PCB",-5.142,1,223.102,0,2,1,0,-5.28,"Clc1ccc(cc1)c2ccccc2Cl","2,4'-pcb"
"167","3-Octanoyloxymethylphenytoin",-4.84,1,408.498,1,3,10,75.71,-6.523,"O=C1N(COC(=O)CCCCCCC)C(=O)C(N1)(c2ccccc2)c3ccccc3","3-octanoyloxymethylphenytoin"
"168","Nitroethane",-0.462,1,75.067,0,0,1,43.14,-0.22,"CCN(=O)=O","nitroethane"
"169","Ethalfluralin",-5.063,1,333.266,0,1,6,89.52,-6.124,"CCN(CC(C)=C)c1c(cc(cc1N(=O)=O)C(F)(F)F)N(=O)=O","ethalfluralin"
"170","1,2,3,4-Tetrachlorobenzene",-4.546,1,215.894,0,1,0,0,-4.57,"Clc1ccc(Cl)c(Cl)c1Cl","1,2,3,4-tetrachlorobenzene"
"171","Meprobamate",-1.376,1,218.253,2,0,6,104.64,-1.807,"CCCC(C)(COC(N)=O)COC(N)=O","meprobamate"
"172","pregnenolone",-4.342,1,316.485,1,4,1,37.3,-4.65,"CC(=O)C3CCC4C2CC=C1CC(O)CCC1(C)C2CCC34C","pregnenolone"
"173","Iodomethane",-1.646,1,141.939,0,0,0,0,-1,"CI","iodomethane"
"174","cycloheximide",-1.532,1,NA,2,2,3,83.47,-1.13,"CC1CC(C)C(=O)C(C1)C(O)CC2CC(=O)NC(=O)C2","cycloheximide"
"175","3-Heptanoyloxymethylphenytoin",-4.496,1,394.471,1,3,9,75.71,-6.301,"O=C1N(COC(=O)CCCCCC)C(=O)C(N1)(c2ccccc2)c3ccccc3","3-heptanoyloxymethylphenytoin"
"176","isophorone",-2.015,1,138.21,0,1,0,17.07,-1.06,"CC1=CC(=O)CC(C)(C)C1","isophorone"
"177","Butabarbital",-1.958,1,212.249,2,1,3,75.27,-2.39,"O=C1NC(=O)NC(=O)C1(CC)C(C)CC","butabarbital"
"178","5-Nonanone",-2.329,1,142.242,0,0,6,17.07,-2.58,"CCCCC(=O)CCCC","5-nonanone"
"179","Glutethimide",-2.591,1,217.268,1,2,2,46.17,-2.337,"CCC1(CCC(=O)NC1=O)c2ccccc2","glutethimide"
"180","3-Methylpentane",-2.6,1,86.178,0,0,2,0,-3.68,"CCC(C)CC","3-methylpentane"
"181","Etofenprox",-6.896,1,376.496,0,3,9,27.69,-8.6,"CCOc1ccc(cc1)C(C)(C)COCc3cccc(Oc2ccccc2)c3","etofenprox"
"182","Methaqualone",-3.881,1,250.301,0,3,1,34.89,-2.925,"Cc1ccccc1n3c(C)nc2ccccc2c3=O","methaqualone"
"183","Chloroacetonitrile",-0.448,1,75.498,0,0,0,23.79,-0.092,"ClCC#N","chloroacetonitrile"
"184","Trichloronate",-5.225,1,333.604,0,1,5,18.46,-5.752,"CCOP(=S)(CC)Oc1cc(Cl)c(Cl)cc1Cl","trichloronate"
"185","Ethisterone",-3.858,1,312.453,1,4,0,37.3,-5.66,"CC12CCC(=O)C=C1CCC3C2CCC4(C)C3CCC4(O)C#C","ethisterone"
"186","Pyridazine",-0.619,2,80.09,0,1,0,25.78,1.1,"c1ccnnc1","pyridazine"
"187","1,2,3,5-Tetrachlorobenzene",-4.621,1,215.894,0,1,0,0,-4.63,"Clc1cc(Cl)c(Cl)c(Cl)c1","1,2,3,5-tetrachlorobenzene"
"188","Diosgenin",-5.681,1,414.63,1,6,0,38.69,-7.32,"C1C(O)CCC2(C)CC3CCC4(C)C5(C)CC6OCC(C)CC6OC5CC4C3C=C21","diosgenin"
"189","o-Aminophenol",-1.465,1,109.128,2,1,0,46.25,-0.72,"Nc1ccccc1O","o-aminophenol"
"190","Ethyl nonanoate",-3.316,1,186.295,0,0,8,26.3,-3.8,"CCCCCCCCC(=O)OCC","ethyl nonanoate"
"191","metalaxyl",-2.87,1,279.336,0,1,5,55.84,-1.601,"COCC(=O)N(C(C)C(=O)OC)c1c(C)cccc1C","metalaxyl"
"192","Propoxur",-2.409,1,209.245,1,1,3,47.56,-2.05,"CNC(=O)Oc1ccccc1OC(C)C","propoxur"
"193","2-Chlorobutane",-1.94,1,92.569,0,0,1,0,-1.96,"CCC(C)Cl","2-chlorobutane"
"194","2-Napthol",-3.08,1,144.173,1,2,0,20.23,-2.28,"Oc1ccc2ccccc2c1","2-napthol"
"195","Oxadiazon",-5.265,1,345.226,0,2,3,57.26,-5.696,"CC(C)Oc1cc(c(Cl)cc1Cl)n2nc(oc2=O)C(C)(C)C","oxadiazon"
"196","1-Hexyne",-1.801,1,82.146,0,0,2,0,-2.36,"CCCCC#C","1-hexyne"
"197","1-Nonyne",-2.864,1,124.227,0,0,5,0,-4.24,"CCCCCCCC#C","1-nonyne"
"198","2-Chlorotoluene",-3.297,1,126.586,0,1,0,0,-3.52,"Cc1ccccc1Cl","2-chlorotoluene"
"199","Diisopropyl ether",-1.281,1,102.177,0,0,2,9.23,-1.1,"CC(C)OC(C)C","diisopropyl ether"
"200","Dapsone",-2.464,1,248.307,2,2,2,86.18,-3.094,"Nc1ccc(cc1)S(=O)(=O)c2ccc(N)cc2","dapsone"
"201","Methyl hydrazine",0.543,1,46.073,2,0,0,38.05,1.34,"CNN","methyl hydrazine"
"202","Propyne",-0.672,1,40.065,0,0,0,0,-0.41,"CC#C","propyne"
"203","Phoxim",-4.557,1,298.304,0,1,7,63.84,-4.862,"CCOP(=S)(OCC)ON=C(C#N)c1ccccc1","phoxim"
"204","Propetamphos",-2.826,1,281.314,1,0,7,56.79,-3.408,"CCNP(=S)(OC)OC(=CC(=O)OC(C)C)C","propetamphos"
"205","Acrolein",-0.184,1,56.064,0,0,1,17.07,0.57,"C=CC=O","acrolein"
"206","Hypoxanthine",-0.656,1,136.114,2,2,0,74.43,-2.296,"O=c1[nH]cnc2nc[nH]c12","hypoxanthine"
"207","6-hydroxyquinoline",-2.725,1,145.161,1,2,0,33.12,-2.16,"Oc2ccc1ncccc1c2","6-hydroxyquinoline"
"208","Fluorobenzene",-2.514,1,96.104,0,1,0,0,-1.8,"Fc1ccccc1","fluorobenzene"
"209","1-Chloropropane",-1.585,1,78.542,0,0,1,0,-1.47,"CCCCl","1-chloropropane"
"210","Ethyl acetate",-0.77,1,88.106,0,0,1,26.3,-0.04,"CCOC(=O)C","ethyl acetate"
"211","2,2-Dimethylpentane",-2.938,1,100.205,0,0,1,0,-4.36,"CCCC(C)(C)C","2,2-dimethylpentane"
"212","Pentamethylbenzene",-3.993,1,148.249,0,1,0,0,-4,"Cc1cc(C)c(C)c(C)c1C","pentamethylbenzene"
"213","eucalyptol",-2.579,1,154.253,0,3,0,9.23,-1.64,"CC12CCC(CC1)C(C)(C)O2","eucalyptol"
"214","dibutyl sebacate",-4.726,1,314.466,0,0,15,52.6,-3.896,"CCCCOC(=O)CCCCCCCCC(=O)OCCCC","dibutyl sebacate"
"215","4,4'-PCB",-5.299,1,223.102,0,2,1,0,-6.56,"Clc1ccc(cc1)c2ccc(Cl)cc2","4,4'-pcb"
"216","2,3-Dimethylpyridine",-2.067,1,107.156,0,1,0,12.89,0.38,"Cc1cccnc1C","2,3-dimethylpyridine"
"217","Carvone",-2.042,1,150.221,0,1,1,17.07,-2.06,"CC(=C)C1CC=C(C)C(=O)C1","carvone"
"218","Carbophenthion",-5.828,1,342.875,0,1,8,18.46,-5.736,"CCOP(=S)(OCC)SCSc1ccc(Cl)cc1","carbophenthion"
"219","Etoposide (148-167,25mg/ml)",-3.292,1,588.562,3,7,5,160.83,-3.571,"COc1cc(cc(OC)c1O)C6C2C(COC2=O)C(OC4OC3COC(C)OC3C(O)C4O)c7cc5OCOc5cc67","etoposide (148-167,25mg/ml)"
"220","Perylene",-6.007,2,252.316,0,5,0,0,-8.804,"c1cc2cccc3c4cccc5cccc(c(c1)c23)c54","perylene"
"221","2,4-Dinitrotoluene",-2.604,1,182.135,0,1,2,86.28,-2.82,"Cc1ccc(cc1N(=O)=O)N(=O)=O","2,4-dinitrotoluene"
"222","2-bromonaphthalene",-4.434,1,207.07,0,2,0,0,-4.4,"c1c(Br)ccc2ccccc12","2-bromonaphthalene"
"223","Formetanate",-1.846,1,221.26,1,1,3,53.93,-2.34,"CNC(=O)Oc1cccc(N=CN(C)C)c1","formetanate"
"224","6-methoxypteridine",-1.589,1,162.152,0,2,1,60.79,-1.139,"COc2cnc1ncncc1n2","6-methoxypteridine"
"225","nevirapine",-3.397,1,266.304,1,4,1,58.12,-3.19,"Cc3ccnc4N(C1CC1)c2ncccc2C(=O)Nc34","nevirapine"
"226","Isazofos",-3.76,1,313.747,0,1,7,58.4,-3.658,"CCOP(=S)(OCC)Oc1nc(Cl)n(n1)C(C)C","isazofos"
"227","2-Methyl-1,3-Butadiene",-1.714,1,68.119,0,0,1,0,-2.03,"CC(=C)C=C","2-methyl-1,3-butadiene"
"228","linalool",-2.399,1,154.253,1,0,4,20.23,-1.99,"CC(C)=CCCC(O)(C)C=C","linalool"
"229","Fenthion",-4.265,1,278.335,0,1,5,27.69,-4.57,"COP(=S)(OC)Oc1ccc(SC)c(C)c1","fenthion"
"230","Cyclohexanol",-1.261,1,100.161,1,1,0,20.23,-0.44,"OC1CCCCC1","cyclohexanol"
"231","5-Allyl-5-methylbarbital",-1.013,1,182.179,2,1,2,75.27,-1.16,"O=C1NC(=O)NC(=O)C1(C)CC=C","5-allyl-5-methylbarbital"
"232","Epiandrosterone",-3.882,1,290.447,1,4,0,37.3,-4.16,"CC34CCC1C(CCC2CC(O)CCC12C)C3CCC4=O","epiandrosterone"
"233","mannitol",0.647,1,182.172,6,0,5,121.38,0.06,"OCC(O)C(O)C(O)C(O)CO","mannitol"
"234","4-Methylbiphenyl",-4.424,1,168.239,0,2,1,0,-4.62,"Cc1ccc(cc1)c2ccccc2","4-methylbiphenyl"
"235","Atrazine",-3.069,1,215.688,2,1,4,62.73,-3.85,"CCNc1nc(Cl)nc(NC(C)C)n1","atrazine"
"236","Phenylthiourea",-1.701,1,152.222,2,1,1,38.05,-1.77,"NC(=S)Nc1ccccc1","phenylthiourea"
"237","4-Heptanone",-1.62,1,114.188,0,0,4,17.07,-1.3,"CCCC(=O)CCC","4-heptanone"
"238","3,3-Dimethyl-2-butanone",-1.25,1,100.161,0,0,0,17.07,-0.72,"CC(=O)C(C)(C)C","3,3-dimethyl-2-butanone"
"239","4-Chlorophenol",-2.761,1,128.558,1,1,0,20.23,-0.7,"Oc1ccc(Cl)cc1","4-chlorophenol"
"240","Cyclohexanone",-0.996,1,98.145,0,1,0,17.07,-0.6,"O=C1CCCCC1","cyclohexanone"
"241","m-Methylaniline",-1.954,1,107.156,1,1,0,26.02,-0.85,"Cc1cccc(N)c1","m-methylaniline"
"242","Trichloroacetonitrile",-2.019,1,144.388,0,0,0,23.79,-2.168,"ClC(Cl)(Cl)C#N","trichloroacetonitrile"
"243","norflurazon",-4.029,1,303.671,1,2,2,46.92,-4.046,"CNc2cnn(c1cccc(c1)C(F)(F)F)c(=O)c2Cl","norflurazon"
"244","2-Decanone",-2.617,1,156.269,0,0,7,17.07,-3.3,"CCCCCCCCC(=O)C","2-decanone"
"245","Ipazine",-3.497,1,243.742,1,1,5,53.94,-3.785,"CCN(CC)c1nc(Cl)nc(NC(C)C)n1","ipazine"
"246","Benzocaine",-2.383,1,165.192,1,1,2,52.32,-2.616,"CCOC(=O)c1ccc(N)cc1","benzocaine"
"247","1,2,4-Trichlorobenzene",-4.083,1,181.449,0,1,0,0,-3.59,"Clc1ccc(Cl)c(Cl)c1","1,2,4-trichlorobenzene"
"248","Triazolam",-3.948,1,343.217,0,4,1,43.07,-4.09,"Cc3nnc4CN=C(c1ccccc1Cl)c2cc(Cl)ccc2n34","triazolam"
"249","1,2-Benzenediol",-1.635,1,110.112,2,1,0,40.46,0.62,"Oc1ccccc1O","1,2-benzenediol"
"250","Reverse Transcriptase inhibitor 1",-2.794,1,254.293,0,3,1,49.33,-2.62,"CCN2c1ncccc1N(C)C(=O)c3cccnc23","reverse transcriptase inhibitor 1"
"251","Dimethyl sulfide",-0.758,1,62.137,0,0,0,0,-0.45,"CSC","dimethyl sulfide"
"252","2-Bromotoluene",-3.667,1,171.037,0,1,0,0,-2.23,"Cc1ccccc1Br","2-bromotoluene"
"253","O-Ethyl carbamate",-0.218,1,89.094,1,0,1,52.32,0.85,"CCOC(=O)N","o-ethyl carbamate"
"254","megestrol acetate",-4.417,1,384.516,0,4,2,60.44,-5.35,"CC(=O)OC3(CCC4C2C=C(C)C1=CC(=O)CCC1(C)C2CCC34C)C(C)=O","megestrol acetate"
"255","Napthalene",-3.468,2,128.174,0,2,0,0,-3.6,"c1ccc2ccccc2c1","napthalene"
"256","N-Ethylaniline",-2.389,1,121.183,1,1,2,12.03,-1.7,"CCNc1ccccc1","n-ethylaniline"
"257","Phenytoin",-3.057,1,252.273,2,3,2,58.2,-4.097,"O=C1NC(=O)C(N1)(c2ccccc2)c3ccccc3","phenytoin"
"258","7,12-Dimethylbenz(a)anthracene",-6.297,1,256.348,0,4,0,0,-7.02,"Cc1c2ccccc2c(C)c3ccc4ccccc4c13","7,12-dimethylbenz(a)anthracene"
"259","Dialifor",-5.026,1,393.854,0,2,8,55.84,-6.34,"CCOP(=S)(OCC)SC(CCl)N1C(=O)c2ccccc2C1=O","dialifor"
"260","Methoxychlor",-5.538,1,NA,0,2,4,18.46,-6.89,"COc1ccc(cc1)C(c2ccc(OC)cc2)C(Cl)(Cl)Cl","methoxychlor"
"261","TEFLUBENZURON",-5.462,1,NA,2,2,2,58.2,-7.28,"Fc1cccc(F)c1C(=O)NC(=O)Nc2cc(Cl)c(F)c(Cl)c2F","teflubenzuron"
"262","3-Pentanoyloxymethylphenytoin",-3.81,1,366.417,1,3,7,75.71,-4.678,"O=C1N(COC(=O)CCCC)C(=O)C(N1)(c2ccccc2)c3ccccc3","3-pentanoyloxymethylphenytoin"
"263","Monuron",-2.671,1,198.653,1,1,1,32.34,-2.89,"CN(C)C(=O)Nc1ccc(Cl)cc1","monuron"
"264","Flutriafol",-3.569,1,301.296,1,3,4,50.94,-3.37,"OC(Cn1cncn1)(c2ccc(F)cc2)c3ccccc3F","flutriafol"
"265","triamcinolone diacetate",-3.876,1,478.513,2,4,4,127.2,-4.13,"CC(=O)OCC(=O)C3(O)C(CC4C2CCC1=CC(=O)C=CC1(C)C2(F)C(O)CC34C)OC(C)=O","triamcinolone diacetate"
"266","1-Bromobutane",-2.303,1,137.02,0,0,2,0,-2.37,"CCCCBr","1-bromobutane"
"267","1,2,4,5-Tetrabromobenzene",-6.001,1,393.698,0,1,0,0,-6.98,"Brc1cc(Br)c(Br)cc1Br","1,2,4,5-tetrabromobenzene"
"268","4-Methyl-2-pentanone",-1.184,1,100.161,0,0,2,17.07,-0.74,"CC(C)CC(=O)C","4-methyl-2-pentanone"
"269","cycloate",-3.35,1,215.362,0,1,3,20.31,-3.4,"CCSC(=O)N(CC)C1CCCCC1","cycloate"
"270","4-Chloroanisole",-3.057,1,142.585,0,1,1,9.23,-2.78,"COc1ccc(Cl)cc1","4-chloroanisole"
"271","Deltamethrin",-7.44,1,505.206,0,3,6,59.32,-8.402,"CC1(C)C(C=C(Br)Br)C1C(=O)OC(C#N)c2cccc(Oc3ccccc3)c2","deltamethrin"
"272","Talbutal",-2.06,1,224.26,2,1,4,75.27,-2.016,"CCC(C)C1(CC=C)C(=O)NC(=O)NC1=O","talbutal"
"273","Fenitrothion",-3.845,1,277.238,0,1,5,70.83,-4.04,"COP(=S)(OC)Oc1ccc(N(=O)=O)c(C)c1","fenitrothion"
"274","1-Iodonapthalene",-4.889,1,254.07,0,2,0,0,-4.55,"Ic1cccc2ccccc12","1-iodonapthalene"
"275","Sorbitol",0.647,1,182.172,6,0,5,121.38,1.09,"OCC(O)C(O)C(O)C(O)CO","sorbitol"
"276","Ethanethiol",-0.968,1,62.137,1,0,0,0,-0.6,"CCS","ethanethiol"
"277","1,1,2-Trichloroethane",-1.961,1,133.405,0,0,1,0,-1.48,"ClCC(Cl)Cl","1,1,2-trichloroethane"
"278","Pyrolan",-3.141,1,245.282,0,2,2,47.36,-2.09,"CN(C)C(=O)Oc1cc(C)nn1c2ccccc2","pyrolan"
"279","o-Hydroxybenzamide",-1.942,1,137.138,2,1,1,63.32,-1.82,"NC(=O)c1ccccc1O","o-hydroxybenzamide"
"280","o-Nitrotoluene",-2.589,1,137.138,0,1,1,43.14,-2.33,"Cc1ccccc1N(=O)=O","o-nitrotoluene"
"281","5,5-Diisopropylbarbital",-1.942,1,212.249,2,1,2,75.27,-2.766,"O=C1NC(=O)NC(=O)C1(C(C)C)C(C)C","5,5-diisopropylbarbital"
"282","2-Ethyltoluene",-3.296,1,120.195,0,1,1,0,-3.21,"CCc1ccccc1C","2-ethyltoluene"
"283","1-Chloroheptane",-3.003,1,134.65,0,0,5,0,-4,"CCCCCCCCl","1-chloroheptane"
"284","Barbital",-1.265,1,184.195,2,1,2,75.27,-2.4,"O=C1NC(=O)NC(=O)C1(CC)CC","barbital"
"285","Bibenzyl",-4.301,2,182.266,0,2,3,0,-4.62,"C(Cc1ccccc1)c2ccccc2","bibenzyl"
"286","1,1,2,2-Tetrachloroethane",-2.549,1,167.85,0,0,1,0,-1.74,"ClC(Cl)C(Cl)Cl","1,1,2,2-tetrachloroethane"
"287","RTI 23",-4.228,1,283.331,1,3,2,54.46,-5.153,"CCN2c1cc(OC)cc(C)c1NC(=O)c3cccnc23","rti 23"
"288","2-Methylphenanthrene",-4.87,1,192.261,0,3,0,0,-5.84,"Cc1ccc2c(ccc3ccccc32)c1","2-methylphenanthrene"
"289","dibutylphthalate",-4.378,1,278.348,0,1,8,52.6,-4.4,"CCCCOC(=O)c1ccccc1C(=O)OCCCC","dibutylphthalate"
"290","tetrachloroguaiacol",-4.299,1,261.919,1,1,1,29.46,-4.02,"COc1c(O)c(Cl)c(Cl)c(Cl)c1Cl","tetrachloroguaiacol"
"291","Dimecron",-2.426,1,299.691,0,0,8,65.07,0.523,"CCN(CC)C(=O)C(=CCOP(=O)(OC)OC)Cl","dimecron"
"292","Equilin",-3.555,1,268.356,1,4,0,37.3,-5.282,"CC34CCC1C(=CCc2cc(O)ccc12)C3CCC4=O","equilin"
"293","Chlorimuron-ethyl (ph 7)",-3.719,1,414.827,1,2,8,127.79,-4.576,"CCOC(=O)c1ccccc1S(=O)(=O)NN(C=O)c2nc(Cl)cc(OC)n2","chlorimuron-ethyl (ph 7)"
"294","p-Nitroanisole",-2.522,1,153.137,0,1,2,52.37,-2.41,"COc1ccc(cc1)N(=O)=O","p-nitroanisole"
"295","1-Chlorohexane",-2.648,1,120.623,0,0,4,0,-3.12,"CCCCCCCl","1-chlorohexane"
"296","2,2',3,3',4,4',5,5'-PCB",-8.468,1,429.772,0,2,1,0,-9.16,"Clc1cc(c(Cl)c(Cl)c1Cl)c2cc(Cl)c(Cl)c(Cl)c2Cl","2,2',3,3',4,4',5,5'-pcb"
"297","Raffinose",0.496,1,504.438,11,3,8,268.68,-0.41,"OCC1OC(CO)(OC2OC(COC3OC(CO)C(O)C(O)C3O)C(O)C(O)C2O)C(O)C1O","raffinose"
"298","hexacosane",-9.702,1,366.718,0,0,23,0,-8.334,"CCCCCCCCCCCCCCCCCCCCCCCCCC","hexacosane"
"299","RTI 5",-3.471,1,253.305,0,3,1,36.44,-3.324,"CCN2c1ccccc1N(C)C(=O)c3cccnc23","rti 5"
"300","1,1-Dichloroethane",-1.576,1,98.96,0,0,0,0,-1.29,"CC(Cl)Cl","1,1-dichloroethane"
"301","Sulfanilamide",-0.954,1,172.209,2,1,1,86.18,-1.34,"Nc1ccc(cc1)S(N)(=O)=O","sulfanilamide"
"302","Isopropalin",-5.306,1,309.366,0,1,8,89.52,-6.49,"CCCN(CCC)c1c(cc(cc1N(=O)=O)C(C)C)N(=O)=O","isopropalin"
"303","Lindane",-4.009,1,290.832,0,1,0,0,-4.64,"ClC1C(Cl)C(Cl)C(Cl)C(Cl)C1Cl","lindane"
"304","Isofenphos",-4.538,1,345.401,1,1,8,56.79,-4.194,"CCOP(=S)(NC(C)C)Oc1ccccc1C(=O)OC(C)C","isofenphos"
"305","1,2,3-Trichlorobenzene",-4.008,1,181.449,0,1,0,0,-4,"Clc1cccc(Cl)c1Cl","1,2,3-trichlorobenzene"
"306","Tetrachloromethane",-2.607,1,153.823,0,0,0,0,-2.31,"ClC(Cl)(Cl)Cl","tetrachloromethane"
"307","3,4-Dichloronitrobenzene",-3.448,1,192.001,0,1,1,43.14,-3.2,"O=N(=O)c1cc(Cl)c(Cl)cc1","3,4-dichloronitrobenzene"
"308","Cyclooctanol",-2.14,1,128.215,1,1,0,20.23,-1.29,"OC1CCCCCCC1","cyclooctanol"
"309","17a-Methyltestosterone",-4.073,1,302.458,1,4,0,37.3,-3.999,"CC1(O)CCC2C3CCC4=CC(=O)CCC4(C)C3CCC21C","17a-methyltestosterone"
"310","Dulcin",-2.167,1,180.207,2,1,3,64.35,-2.17,"CCOc1ccc(NC(N)=O)cc1","dulcin"
"311","trans-1,4-Dimethylcyclohexane",-3.305,1,112.216,0,1,0,0,-4.47,"C/C1CCC(\C)CC1","trans-1,4-dimethylcyclohexane"
"312","1,7-phenantroline",-2.994,2,180.21,0,3,0,25.78,-2.68,"c1cnc2c(c1)ccc3ncccc23","1,7-phenantroline"
"313","Methyl t-butyl ether",-0.984,1,88.15,0,0,0,9.23,-0.24,"COC(C)(C)C","methyl t-butyl ether"
"314","Anethole",-3.254,1,148.205,0,1,2,9.23,-3.13,"COc1ccc(C=CC)cc1","anethole"
"315","1-Hexadecanol",-4.94,1,242.447,1,0,14,20.23,-7,"CCCCCCCCCCCCCCCCO","1-hexadecanol"
"316","uracil",-0.441,1,112.088,2,1,0,65.72,-1.488,"O=c1cc[nH]c(=O)[nH]1","uracil"
"317","adenine",-1.255,1,135.13,2,2,0,80.48,-2.12,"Nc1ncnc2nc[nH]c12","adenine"
"318","2,2',3,4,5-PCB",-6.709,1,326.437,0,2,1,0,-7.21,"Clc1cc(Cl)c(cc1Cl)c2cccc(Cl)c2Cl","2,2',3,4,5-pcb"
"319","Ancymidol",-2.181,1,256.305,1,3,4,55.24,-2.596,"COc1ccc(cc1)C(O)(C2CC2)c3cncnc3","ancymidol"
"320","Benzo(b)fluoranthene",-6.007,2,252.316,0,5,0,0,-8.23,"c1ccc2c(c1)c3cccc4c3c2cc5ccccc54","benzo(b)fluoranthene"
"321","Carbanilide",-3.611,1,212.252,2,2,2,41.13,-3.15,"O=C(Nc1ccccc1)Nc2ccccc2","carbanilide"
"322","phenobarbital",-2.272,1,232.239,2,2,2,75.27,-2.322,"CCC1(C(=O)NC(=O)NC1=O)c2ccccc2","phenobarbital"
"323","2',3,4-PCB",-5.686,1,257.547,0,2,1,0,-6.29,"Clc1ccc(cc1)c2cccc(Cl)c2Cl","2',3,4-pcb"
"324","Isoproturon",-2.867,1,206.289,1,1,2,32.34,-3.536,"CC(C)c1ccc(NC(=O)N(C)C)cc1","isoproturon"
"325","Azintamide",-2.231,1,259.762,0,1,5,46.09,-1.716,"CCN(CC)C(=O)CSc1ccc(Cl)nn1","azintamide"
"326","2,2-Dimethyl-1-butanol",-1.365,1,102.177,1,0,2,20.23,-1.04,"CCC(C)(C)CO","2,2-dimethyl-1-butanol"
"327","Ethyl pentanoate",-1.899,1,130.187,0,0,4,26.3,-1.75,"CCCOC(=O)CCC","ethyl pentanoate"
"328","2,4,6-Trinitrotoluene",-2.606,1,227.132,0,1,3,129.42,-3.22,"Cc1c(cc(cc1N(=O)=O)N(=O)=O)N(=O)=O","2,4,6-trinitrotoluene"
"329","Bensulide",-4.99,1,397.524,1,1,10,64.63,-4.2,"CC(C)OP(=S)(OC(C)C)SCCNS(=O)(=O)c1ccccc1","bensulide"
"330","Cycloheptane",-2.916,2,98.189,0,1,0,0,-3.51,"C1CCCCCC1","cycloheptane"
"331","Propyl formate",-0.757,1,88.106,0,0,3,26.3,-0.49,"CCCOC=O","propyl formate"
"332","2-Isopropyltoluene",-3.585,1,134.222,0,1,1,0,-3.76,"CC(C)c1ccccc1C","2-isopropyltoluene"
"333","m-Chloroaniline",-2.392,1,127.574,1,1,0,26.02,-1.37,"Nc1cccc(Cl)c1","m-chloroaniline"
"334","2,4-Dimethylpentane",-2.938,1,100.205,0,0,2,0,-4.26,"CC(C)CC(C)C","2,4-dimethylpentane"
"335","Dibenzofurane",-4.201,2,168.195,0,3,0,13.14,-4.6,"o1c2ccccc2c3ccccc13","dibenzofurane"
"336","ethofumesate",-3.184,1,286.349,0,2,4,61.83,-3.42,"CCOC2Oc1ccc(OS(C)(=O)=O)cc1C2(C)C","ethofumesate"
"337","Fluometuron",-3.065,1,232.205,1,1,1,32.34,-3.43,"CN(C)C(=O)Nc1cccc(c1)C(F)(F)F","fluometuron"
"338","Acridine",-3.846,2,179.222,0,3,0,12.89,-3.67,"c3ccc2nc1ccccc1cc2c3","acridine"
"339","Cortisone",-2.893,1,360.45,2,4,2,91.67,-3.11,"CC12CC(=O)C3C(CCC4=CC(=O)CCC34C)C2CCC1(O)C(=O)CO","cortisone"
"340","glucose",0.501,1,180.156,5,1,1,110.38,0.74,"OCC1OC(O)C(O)C(O)C1O","glucose"
"341","3-Methylphenol",-2.313,1,108.14,1,1,0,20.23,-0.68,"Cc1cccc(O)c1","3-methylphenol"
"342","Indapamide",-4.345,1,365.842,2,3,3,92.5,-3.586,"CC2Cc1ccccc1N2NC(=O)c3ccc(Cl)c(c3)S(N)(=O)=O","indapamide"
"343","Lovastatin",-4.731,1,404.547,1,3,6,72.83,-6.005,"CCC(C)C(=O)OC2CC(C)C=C3C=CC(C)C(CCC1CC(O)CC(=O)O1)C23","lovastatin"
"344","1,4-Dinitrobenzene",-2.281,1,168.108,0,1,2,86.28,-3.39,"O=N(=O)c1ccc(cc1)N(=O)=O","1,4-dinitrobenzene"
"345","Reposal",-2.781,1,262.309,2,3,2,75.27,-2.696,"CCC1(C(=O)NC(=O)NC1=O)C2=CCC3CCC2C3","reposal"
"346","Ethyl decanoate",-3.671,1,200.322,0,0,9,26.3,-4.1,"CCCCCCCCCC(=O)OCC","ethyl decanoate"
"347","Fenuron",-1.847,1,164.208,1,1,1,32.34,-1.6,"CN(C)C(=O)Nc1ccccc1","fenuron"
"348","Ethyl propyl ether",-1.072,1,88.15,0,0,3,9.23,-0.66,"CCCOCC","ethyl propyl ether"
"349","2-Propanol",-0.261,1,60.096,1,0,0,20.23,0.43,"CC(C)O","2-propanol"
"350","2-Methylnapthalene",-3.802,1,142.201,0,2,0,0,-3.77,"Cc1ccc2ccccc2c1","2-methylnapthalene"
"351","Chlorodibromethane",-2.54,1,208.28,0,0,0,0,-1.9,"ClC(Br)Br","chlorodibromethane"
"352","Hexestrol",-4.854,1,270.372,2,2,5,40.46,-4.43,"CCC(C(CC)c1ccc(O)cc1)c2ccc(O)cc2","hexestrol"
"353","Malathion",-3.391,1,330.364,0,0,9,71.06,-3.37,"CCOC(=O)CC(SP(=S)(OC)OC)C(=O)OCC","malathion"
"354","Benzylchloride",-2.887,1,126.586,0,1,1,0,-2.39,"ClCc1ccccc1","benzylchloride"
"355","t-Crotonaldehyde",-0.604,1,70.091,0,0,1,17.07,0.32,"C/C=C/C=O","t-crotonaldehyde"
"356","Chlorbromuron",-3.938,1,293.548,1,1,2,41.57,-3.924,"CON(C)C(=O)Nc1ccc(Br)c(Cl)c1","chlorbromuron"
"357","9,10-Dimethylanthracene",-5.228,1,206.288,0,3,0,0,-6.57,"Cc1c2ccccc2c(C)c3ccccc13","9,10-dimethylanthracene"
"358","Methyl hexanoate",-1.899,1,130.187,0,0,4,26.3,-1.87,"CCCCCC(=O)OC","methyl hexanoate"
"359","Dimefuron",-3.831,1,338.795,1,2,2,80.37,-4.328,"CN(C)C(=O)Nc1ccc(c(Cl)c1)n2nc(oc2=O)C(C)(C)C","dimefuron"
"360","p-Fluoroacetanilide",-2.181,1,153.156,1,1,1,29.1,-1.78,"CC(=O)Nc1ccc(F)cc1","p-fluoroacetanilide"
"361","alachlor",-3.319,1,269.772,0,1,6,29.54,-3.26,"CCc1cccc(CC)c1N(COC)C(=O)CCl","alachlor"
"362","Cyclohexene",-2.16,2,82.146,0,1,0,0,-2.59,"C1CCC=CC1","cyclohexene"
"363","Hydrocortisone",-3.159,1,362.466,3,4,2,94.83,-3.09,"CC12CC(O)C3C(CCC4=CC(=O)CCC34C)C2CCC1(O)C(=O)CO","hydrocortisone"
"364","Pyrimidine",-0.884,2,80.09,0,1,0,25.78,1.1,"c1cncnc1","pyrimidine"
"365","p-Chloronitrobenzene",-2.901,1,157.556,0,1,1,43.14,-2.92,"Clc1ccc(cc1)N(=O)=O","p-chloronitrobenzene"
"366","Methyl propionate",-0.836,1,88.106,0,0,1,26.3,-0.14,"CCC(=O)OC","methyl propionate"
"367","o-Chloronitrobenzene",-2.775,1,157.556,0,1,1,43.14,-2.55,"Clc1ccccc1N(=O)=O","o-chloronitrobenzene"
"368","Neburon",-4.157,1,275.179,1,1,4,32.34,-4.77,"CCCCN(C)C(=O)Nc1ccc(Cl)c(Cl)c1","neburon"
"369","Buthidazole",-2.398,1,256.331,1,2,1,69.56,-1.877,"CN1CC(O)N(C1=O)c2nnc(s2)C(C)(C)C","buthidazole"
"370","Nitrobenzene",-2.288,1,123.111,0,1,1,43.14,-1.8,"O=N(=O)c1ccccc1","nitrobenzene"
"371","Iodobenzene",-3.8,1,204.01,0,1,0,0,-3.01,"Ic1ccccc1","iodobenzene"
"372","Metolazone",-3.777,1,365.842,2,3,2,92.5,-3.78,"CC2Nc1cc(Cl)c(cc1C(=O)N2c3ccccc3C)S(N)(=O)=O","metolazone"
"373","Methocarbamol",-1.428,1,241.243,2,1,6,91.01,-0.985,"COc1ccccc1OCC(O)COC(N)=O","methocarbamol"
"374","butachlor",-4.347,1,311.853,0,1,9,29.54,-4.19,"CCCCOCN(C(=O)CCl)c1c(CC)cccc1CC","butachlor"
"375","2,3-Dichlorophenol",-3.144,1,163.003,1,1,0,20.23,-1.3,"Oc1cccc(Cl)c1Cl","2,3-dichlorophenol"
"376","Propyl butyrate",-1.191,1,102.133,0,0,2,26.3,-1.92,"CCCC(=O)OC","propyl butyrate"
"377","Propanil",-3.644,1,218.083,1,1,2,29.1,-3,"CCC(=O)Nc1ccc(Cl)c(Cl)c1","propanil"
"378","Triamterene",-3.051,1,253.269,3,3,1,129.62,-2.404,"Nc3nc(N)c2nc(c1ccccc1)c(N)nc2n3","triamterene"
"379","Ethyl hexanoate",-2.254,1,144.214,0,0,5,26.3,-2.35,"CCCCCC(=O)OCC","ethyl hexanoate"
"380","chloralose",-1.887,1,309.529,3,2,2,88.38,-1.84,"OCC(O)C2OC1OC(OC1C2O)C(Cl)(Cl)Cl","chloralose"
"381","Amitraz",-5.533,1,293.414,0,2,4,27.96,-5.47,"CN(C=Nc1ccc(C)cc1C)C=Nc2ccc(C)cc2C","amitraz"
"382","Prometon",-3.448,1,225.296,2,1,5,71.96,-2.478,"COc1nc(NC(C)C)nc(NC(C)C)n1","prometon"
"383","1-Octene",-3.073,1,112.216,0,0,5,0,-4.44,"CCCCCCC=C","1-octene"
"384","p-Methylaniline",-1.954,1,107.156,1,1,0,26.02,-1.21,"Cc1ccc(N)cc1","p-methylaniline"
"385","aminothiazole",-1.226,1,100.146,1,1,0,38.91,-0.36,"Nc1nccs1","aminothiazole"
"386","Metolcarb",-1.947,1,151.165,1,1,1,38.33,-1.803,"c1ccccc1(OC(=O)NC)","metolcarb"
"387","3-Hexanol",-1.324,1,102.177,1,0,3,20.23,-0.8,"CCCC(O)CC","3-hexanol"
"388","9-anthrol",-4.148,1,194.233,1,3,0,20.23,-4.73,"c3ccc2c(O)c1ccccc1cc2c3","9-anthrol"
"389","2-Methylanthracene",-4.87,1,192.261,0,3,0,0,-6.96,"Cc1ccc2cc3ccccc3cc2c1","2-methylanthracene"
"390","1,2,3-Trimethylbenzene",-3.312,1,120.195,0,1,0,0,-3.2,"Cc1cccc(C)c1C","1,2,3-trimethylbenzene"
"391","Aminocarb",-2.677,1,208.261,1,1,2,41.57,-2.36,"CNC(=O)Oc1ccc(N(C)C)c(C)c1","aminocarb"
"392","2-Nonanol",-2.387,1,144.258,1,0,6,20.23,-2.74,"CCCCCCCC(C)O","2-nonanol"
"393","Methyldymron",-3.863,1,268.36,1,2,3,32.34,-3.35,"CN(C(=O)NC(C)(C)c1ccccc1)c2ccccc2","methyldymron"
"394","3-Hexanone",-1.266,1,100.161,0,0,3,17.07,-0.83,"CCCC(=O)CC","3-hexanone"
"395","bromoxynil",-3.793,1,276.915,1,1,0,44.02,-3.33,"Oc1c(Br)cc(C#N)cc1Br","bromoxynil"
"396","3,4-PCB",-5.223,1,223.102,0,2,1,0,-6.39,"Clc1ccc(cc1Cl)c2ccccc2","3,4-pcb"
"397","Mefenacet",-4.504,1,298.367,0,3,4,42.43,-4.873,"CN(C(=O)COc1nc2ccccc2s1)c3ccccc3","mefenacet"
"398","5-hydroxyquinoline",-2.725,1,145.161,1,2,0,33.12,-2.54,"Oc1cccc2ncccc12","5-hydroxyquinoline"
"399","Carboxin",-2.927,1,235.308,1,2,2,38.33,-3.14,"CC1=C(SCCO1)C(=O)Nc2ccccc2","carboxin"
"400","Ethoxyzolamide",-3.085,1,258.324,1,2,3,82.28,-3.81,"CCOc2ccc1nc(sc1c2)S(N)(=O)=O","ethoxyzolamide"
"401","Pentachlorophenol",-4.835,1,266.338,1,1,0,20.23,-4.28,"Oc1c(Cl)c(Cl)c(Cl)c(Cl)c1Cl","pentachlorophenol"
"402","Bromochloromethane",-1.519,1,129.384,0,0,0,0,-0.89,"ClCBr","bromochloromethane"
"403","metharbital",-1.658,1,198.222,1,1,2,66.48,-2.23,"CCC1(CC)C(=O)NC(=O)N(C)C1=O","metharbital"
"404","deoxycorticosterone acetate",-4.472,1,372.505,0,4,3,60.44,-4.63,"CC(=O)OCC(=O)C3CCC4C2CCC1=CC(=O)CCC1(C)C2CCC34C","deoxycorticosterone acetate"
"405","benzylurea",-1.509,1,150.181,2,1,2,55.12,-0.95,"NC(=O)NCc1ccccc1","benzylurea"
"406","Chlortoluron",-3.048,1,212.68,1,1,1,32.34,-3.483,"CN(C)C(=O)Nc1ccc(C)c(Cl)c1","chlortoluron"
"407","Linuron",-3.581,1,249.097,1,1,2,41.57,-3.592,"CON(C)C(=O)Nc1ccc(Cl)c(Cl)c1","linuron"
"408","Cycloheptanol",-1.7,1,114.188,1,1,0,20.23,-0.88,"OC1CCCCCC1","cycloheptanol"
"409","Thiamphenicol",-1.936,1,356.227,3,1,6,103.7,-2.154,"CS(=O)(=O)c1ccc(cc1)C(O)C(CO)NC(=O)C(Cl)Cl","thiamphenicol"
"410","thiopental",-2.96,1,242.344,2,1,4,58.2,-3.36,"CCCC(C)C1(CC)C(=O)NC(=S)NC1=O","thiopental"
"411","acetazolamide",-0.793,1,222.251,2,1,2,NA,-2.36,"CC(=O)Nc1nnc(s1)S(N)(=O)=O","acetazolamide"
"412","p-Nitrophenol",-2.318,1,139.11,1,1,1,63.37,-0.74,"Oc1ccc(cc1)N(=O)=O","p-nitrophenol"
"413","Aldrin",-5.511,1,364.914,0,4,0,0,-6.307,"ClC1=C(Cl)C2(Cl)C3C4CC(C=C4)C3C1(Cl)C2(Cl)Cl","aldrin"
"414","Tetrahydrofurane",-0.62,2,72.107,0,1,0,9.23,0.49,"C1CCOC1","tetrahydrofurane"
"415","o-Nitroaniline",-2.277,1,138.126,1,1,1,69.16,-1.96,"Nc1ccccc1N(=O)=O","o-nitroaniline"
"416","2,2',3,3'-PCB",-6.079,1,291.992,0,2,1,0,-7.28,"Clc1cccc(c1Cl)c2cccc(Cl)c2Cl","2,2',3,3'-pcb"
"417","phenylbutazone",-4.076,1,308.381,0,3,5,40.62,-3.81,"CCCCC1C(=O)N(N(C1=O)c2ccccc2)c3ccccc3","phenylbutazone"
"418","2,6-Dinitrotoluene",-2.553,1,182.135,0,1,2,86.28,-3,"Cc1c(cccc1N(=O)=O)N(=O)=O","2,6-dinitrotoluene"
"419","Progesterone",-4.17,1,314.469,0,4,1,34.14,-4.42,"CC(=O)C1CCC2C3CCC4=CC(=O)CCC4(C)C3CCC12C","progesterone"
"420","Chlorazine",-3.663,1,257.769,0,1,6,45.15,-4.411,"CCN(CC)c1nc(Cl)nc(n1)N(CC)CC","chlorazine"
"421","captafol",-4.365,1,349.066,0,2,3,37.38,-5.4,"ClC(Cl)C(Cl)(Cl)SN2C(=O)C1CC=CCC1C2=O","captafol"
"422","1,2,4-tribromobenzene",-5.144,1,NA,0,1,0,0,-4.5,"c1(Br)c(Br)cc(Br)cc1","1,2,4-tribromobenzene"
"423","Oxazepam",-3.517,1,286.718,2,3,1,61.69,-3.952,"OC3N=C(c1ccccc1)c2cc(Cl)ccc2NC3=O","oxazepam"
"424","Secobarbital",-2.415,1,238.287,2,1,5,75.27,-2.356,"O=C1NC(=O)NC(=O)C1(C(C)CCC)CC=C","secobarbital"
"425","Carvacrol",-3.224,1,150.221,1,1,1,20.23,-2.08,"c1(O)c(C)ccc(C(C)C)c1","carvacrol"
"426","rhodanine",-0.396,1,133.197,1,1,0,29.1,-1.77,"C1SC(=S)NC1(=O)","rhodanine"
"427","Morin",-2.731,1,302.238,5,3,1,131.36,-3.083,"Oc1ccc(c(O)c1)c3oc2cc(O)cc(O)c2c(=O)c3O","morin"
"428","Kepone",-5.112,1,490.639,0,6,0,17.07,-5.259,"ClC1(C(=O)C2(Cl)C3(Cl)C14Cl)C5(Cl)C2(Cl)C3(Cl)C(Cl)(Cl)C45Cl","kepone"
"429","Disulfiram",-3.862,1,296.552,0,0,4,6.48,-4.86,"CCN(CC)C(=S)SSC(=S)N(CC)CC","disulfiram"
"430","Cyclohexane",-2.477,2,84.162,0,1,0,0,-3.1,"C1CCCCC1","cyclohexane"
"431","Dienochlor",-7.848,1,474.64,0,2,1,0,-7.278,"ClC1=C(Cl)C(Cl)(C(=C1Cl)Cl)C2(Cl)C(=C(Cl)C(=C2Cl)Cl)Cl","dienochlor"
"432","chlordimeform",-3.164,1,196.681,0,1,2,15.6,-2.86,"CN(C)C=Nc1ccc(Cl)cc1C","chlordimeform"
"433","Equilenin",-3.927,1,266.34,1,4,0,37.3,-5.24,"CC34CCc1c(ccc2cc(O)ccc12)C3CCC4=O","equilenin"
"434","1-Octanol",-2.105,1,130.231,1,0,6,20.23,-2.39,"CCCCCCCCO","1-octanol"
"435","Diethyl sulfide",-1.598,1,90.191,0,0,2,0,-1.34,"CCSCC","diethyl sulfide"
"436","1,2-Dichloroethane",-1.374,1,98.96,0,0,1,0,-1.06,"ClCCCl","1,2-dichloroethane"
"437","2-Chloro-2-methylbutane",-2.278,1,106.596,0,0,1,0,-2.51,"CCC(C)(C)Cl","2-chloro-2-methylbutane"
"438","1-Chloro-2-bromoethane",-1.738,1,143.411,0,0,1,0,-1.32,"ClCCBr","1-chloro-2-bromoethane"
"439","p-Nitroaniline",-1.936,1,138.126,1,1,1,69.16,-2.37,"Nc1ccc(cc1)N(=O)=O","p-nitroaniline"
"440","Lactose",1.071,1,342.297,8,2,4,189.53,-0.244,"OCC1OC(OC2C(O)C(O)C(O)OC2CO)C(O)C(O)C1O","lactose"
"441","RTI 2",-3.125,1,268.32,0,3,2,49.33,-2.86,"CCN2c1ncccc1N(CC)C(=O)c3cccnc23","rti 2"
"442","Chlorobenzene",-2.975,1,112.559,0,1,0,0,-2.38,"Clc1ccccc1","chlorobenzene"
"443","1-Nonene",-3.427,1,126.243,0,0,6,0,-5.05,"CCCCCCCC=C","1-nonene"
"444","p-Bromoiodobenzene",-4.754,1,282.906,0,1,0,0,-4.56,"Brc1ccc(I)cc1","p-bromoiodobenzene"
"445","3-Methyl-3-pentanol",-1.308,1,102.177,1,0,2,20.23,-0.36,"CCC(C)(O)CC","3-methyl-3-pentanol"
"446","Pentylbenzene",-3.899,1,148.249,0,1,4,0,-4.64,"CCCCCc1ccccc1","pentylbenzene"
"447","allantoin",0.652,1,158.117,4,1,1,113.32,-1.6,"NC(=O)NC1NC(=O)NC1=O","allantoin"
"448","Glafenine",-5.052,1,372.808,3,3,6,91.68,-4.571,"OCC(O)COC(=O)c1ccccc1Nc2ccnc3cc(Cl)ccc23","glafenine"
"449","DDD",-6.008,1,320.046,0,2,3,0,-7.2,"ClC(Cl)C(c1ccc(Cl)cc1)c2ccc(Cl)cc2","ddd"
"450","testosterone acetate",-4.449,1,330.468,0,4,1,43.37,-5.184,"CC(=O)OC3CCC4C2CCC1=CC(=O)CCC1(C)C2CCC34C","testosterone acetate"
"451","1-Chloronapthalene",-4.063,1,162.619,0,2,0,0,-3.93,"Clc1cccc2ccccc12","1-chloronapthalene"
"452","RTI 19",-4.007,1,252.317,0,3,1,23.55,-4.749,"CCN2c1ccccc1N(C)C(=O)c3ccccc23","rti 19"
"453","2-Hexanol",-1.324,1,102.177,1,0,3,20.23,-0.89,"CCCCC(C)O","2-hexanol"
"454","Propylcyclopentane",-3.16,1,112.216,0,1,2,0,-4.74,"CCCC1CCCC1","propylcyclopentane"
"455","Etomidate",-3.359,1,244.294,0,2,4,44.12,-4.735,"CCOC(=O)c1cncn1C(C)c2ccccc2","etomidate"
"456","3,4-Dichlorophenol",-3.352,1,163.003,1,1,0,20.23,-1.25,"Oc1ccc(Cl)c(Cl)c1","3,4-dichlorophenol"
"457","Cypermethrin",-6.775,1,416.304,0,3,6,59.32,-8.017,"CC1(C)C(C=C(Cl)Cl)C1C(=O)OC(C#N)c2cccc(Oc3ccccc3)c2","cypermethrin"
"458","Benzoxazole",-2.214,2,119.123,0,2,0,26.03,-1.16,"c2ccc1ocnc1c2","benzoxazole"
"459","1-Pentanol",-1.042,1,88.15,1,0,3,20.23,-0.6,"CCCCCO","1-pentanol"
"460","N,N-Diethylaniline",-3.16,1,149.237,0,1,3,3.24,-3.03,"CCN(CC)c1ccccc1","n,n-diethylaniline"
"461","1,3-Difluorobenzene",-2.636,1,114.094,0,1,0,0,-2,"Fc1cccc(F)c1","1,3-difluorobenzene"
"462","3-chloropropionitrile",-0.522,1,89.525,0,0,1,23.79,-0.29,"ClCCC#N","3-chloropropionitrile"
"463","t-Pentylbenzene",-3.867,1,148.249,0,1,1,0,-4.15,"CC(C)(C)Cc1ccccc1","t-pentylbenzene"
"464","5-Ethyl-5-phenylbarbital",-2.272,1,232.239,2,2,2,75.27,-2.322,"O=C1NC(=O)NC(=O)C1(CC)c1ccccc1","5-ethyl-5-phenylbarbital"
"465","o-Chloroiodobenzene",-4.384,1,238.455,0,1,0,0,-3.54,"Clc1ccccc1I","o-chloroiodobenzene"
"466","Benzotriazole",-2.21,2,119.127,1,2,0,41.57,-0.78,"c2ccc1[nH]nnc1c2","benzotriazole"
"467","Carbofuran",-3.05,1,221.256,1,2,1,47.56,-2.8,"CNC(=O)Oc1cccc2CC(C)(C)Oc12","carbofuran"
"468","2,6-Dimethylphenol",-2.589,1,122.167,1,1,0,20.23,-1.29,"Cc1cccc(C)c1O","2,6-dimethylphenol"
"469","3-Methyl-2-butanol",-0.954,1,88.15,1,0,1,20.23,-0.18,"CC(C)C(C)O","3-methyl-2-butanol"
"470","benzhydrol",-3.033,1,184.238,1,2,2,20.23,-2.55,"c1ccccc1C(O)c2ccccc2","benzhydrol"
"471","Methyl decanoate",-3.316,1,186.295,0,0,8,26.3,-4.69,"CCCCCCCCCC(=O)OC","methyl decanoate"
"472","Dicapthon",-4.188,1,297.656,0,1,5,70.83,-4.31,"COP(=S)(OC)Oc1ccc(cc1Cl)N(=O)=O","dicapthon"
"473","1-Bromo-2-methylpropane",-2.288,1,137.02,0,0,1,0,-2.43,"CC(C)CBr","1-bromo-2-methylpropane"
"474","Iodoethane",-2.066,1,155.966,0,0,0,0,-1.6,"CCI","iodoethane"
"475","Pirimicarb",-2.34,1,238.291,0,1,2,58.56,-1.95,"CN(C)C(=O)Oc1nc(nc(C)c1C)N(C)C","pirimicarb"
"476","1-Bromohexane",-3.012,1,165.074,0,0,4,0,-3.81,"CCCCCCBr","1-bromohexane"
"477","2-Methylpentane",-2.6,1,86.178,0,0,2,0,-3.74,"CCCC(C)C","2-methylpentane"
"478","Tetrafluthrin",-6.339,1,418.736,0,2,4,26.3,-7.321,"Cc1c(F)c(F)c(COC(=O)C2C(C=C(Cl)C(F)(F)F)C2(C)C)c(F)c1F","tetrafluthrin"
"479","Metolachlor",-3.431,1,283.799,0,1,6,29.54,-2.73,"CCc1cccc(C)c1N(C(C)COC)C(=O)CCl","metolachlor"
"480","nifuroxime",-1.843,1,156.097,1,1,2,88.87,-2.19,"ON=Cc1ccc(o1)N(=O)=O","nifuroxime"
"481","Fluvalinate",-8.057,1,502.92,1,3,8,71.35,-8.003,"CC(C)C(Nc1ccc(cc1Cl)C(F)(F)F)C(=O)OC(C#N)c2cccc(Oc3ccccc3)c2","fluvalinate"
"482","Amitrole",-0.674,1,84.082,2,1,0,67.59,0.522,"Nc1nc[nH]n1","amitrole"
"483","Tribromomethane",-2.904,1,252.731,0,0,0,0,-1.91,"BrC(Br)Br","tribromomethane"
"484","Trichlorfon",-1.866,1,257.437,1,0,3,55.76,-0.22,"COP(=O)(OC)C(O)C(Cl)(Cl)Cl","trichlorfon"
"485","Phosalone",-5.024,1,367.816,0,2,7,53.6,-5.233,"CCOP(=S)(OCC)SCn1c(=O)oc2cc(Cl)ccc12","phosalone"
"486","Phenylmethanol",-1.699,1,108.14,1,1,1,20.23,-0.4,"OCc1ccccc1","phenylmethanol"
"487","Coumatetralyl",-5.194,1,292.334,1,4,1,50.44,-2.84,"O=c2c(C3CCCc4ccccc43)c(O)c1ccccc1o2","coumatetralyl"
"488","4-Bromophenol",-3.132,1,173.009,1,1,0,20.23,-1.09,"Oc1ccc(Br)cc1","4-bromophenol"
"489","2-Bromopropane",-1.949,1,122.993,0,0,0,0,-1.59,"CC(C)Br","2-bromopropane"
"490","2,2,4-Trimethylpentane",-3.276,1,114.232,0,0,1,0,-4.74,"CC(C)CC(C)(C)C","2,2,4-trimethylpentane"
"491","1,3,5-Trinitrobenzene",-2.324,1,213.105,0,1,3,129.42,-2.89,"O=N(=O)c1cc(cc(c1)N(=O)=O)N(=O)=O","1,3,5-trinitrobenzene"
"492","Nimetazepam",-3.557,1,295.298,0,3,2,75.81,-3.796,"CN2C(=O)CN=C(c1ccccc1)c3cc(ccc23)N(=O)=O","nimetazepam"
"493","Propane",-1.553,1,44.097,0,0,0,0,-1.94,"CCC","propane"
"494","Minoxidil",-1.809,1,209.253,2,2,1,95.11,-1.989,"Nc1cc(nc(N)n1=O)N2CCCCC2","minoxidil"
"495","1-aminoacridine",-3.542,1,194.237,1,3,0,38.91,-4.22,"Nc2cccc3nc1ccccc1cc23","1-aminoacridine"
"496","Benzo(k)fluoranthene",-6.007,2,252.316,0,5,0,0,-8.49,"c1ccc2cc3c4cccc5cccc(c3cc2c1)c45","benzo(k)fluoranthene"
"497","Dicofol",-6.268,1,370.49,1,2,2,20.23,-5.666,"OC(c1ccc(Cl)cc1)(c2ccc(Cl)cc2)C(Cl)(Cl)Cl","dicofol"
"498","Acenapthene",-3.792,2,154.212,0,3,0,0,-4.63,"C1Cc2cccc3cccc1c23","acenapthene"
"499","Dialifos",-5.026,1,393.854,0,2,8,55.84,-6.34,"CCOP(=S)(OCC)SC(CCl)N2C(=O)c1ccccc1C2=O","dialifos"
"500","1,4-Dibromobenzene",-4.298,1,235.906,0,1,0,0,-4.07,"Brc1ccc(Br)cc1","1,4-dibromobenzene"
"501","Methazole",-3.601,1,261.064,0,2,1,57.14,-2.82,"Cn2c(=O)on(c1ccc(Cl)c(Cl)c1)c2=O","methazole"
"502","p-Phenylphenol",-3.701,1,170.211,1,2,1,20.23,-3.48,"Oc1ccc(cc1)c2ccccc2","p-phenylphenol"
"503","pyracarbolid",-2.83,1,217.268,1,2,2,38.33,-2.56,"CC1=C(CCCO1)C(=O)Nc2ccccc2","pyracarbolid"
"504","Ethyl vinyl ether",-0.857,1,72.107,0,0,2,9.23,-0.85,"CCOC=C","ethyl vinyl ether"
"505","1-Butyne",-1.092,1,54.092,0,0,0,0,-1.24,"CCC#C","1-butyne"
"506","4-methoxypteridine",-1.589,1,162.152,0,2,1,60.79,-1.11,"COc1ncnc2nccnc12","4-methoxypteridine"
"507","3-Methyl-3-heptanol",-2.017,1,130.231,1,0,4,20.23,-1.6,"CCCCC(C)(O)CC","3-methyl-3-heptanol"
"508","1,4-Dichlorobenzene",-3.558,1,147.004,0,1,0,0,-3.27,"Clc1ccc(Cl)cc1","1,4-dichlorobenzene"
"509","3-Ethanoyloxymethylphenytoin",-2.723,1,324.336,1,3,4,75.71,-4.47,"O=C1N(COC(=O)C)C(=O)C(N1)(c2ccccc2)c3ccccc3","3-ethanoyloxymethylphenytoin"
"510","Sparsomycin (3,8mg/ml)",-1.57,1,361.445,4,1,8,132.12,-1.981,"CSCS(=O)CC(CO)NC(=O)C=Cc1c(C)[nH]c(=O)[nH]c1=O","sparsomycin (3,8mg/ml)"
"511","3-methylindole",-2.981,1,131.178,1,2,0,15.79,-2.42,"Cc1c[nH]c2ccccc12","3-methylindole"
"512","2-methoxypteridine",-1.589,1,162.152,0,2,1,60.79,-1.11,"COc2ncc1nccnc1n2","2-methoxypteridine"
"513","Dioxacarb",-1.614,1,223.228,1,2,2,56.79,-1.57,"CNC(=O)Oc1ccccc1C2OCCO2","dioxacarb"
"514","isocarbamid",-1.508,1,185.227,2,1,2,61.44,-2.15,"C1N(C(=O)NCC(C)C)C(=O)NC1","isocarbamid"
"515","Acetonitrile",0.152,1,41.053,0,0,0,23.79,0.26,"CC#N","acetonitrile"
"516","Fenoxycarb",-4.662,1,301.342,1,2,7,56.79,-4.7,"CCOC(=O)NCCOc2ccc(Oc1ccccc1)cc2","fenoxycarb"
"517","acetyl sulfisoxazole",-2.024,1,293.348,1,2,3,89.43,-3.59,"CC(=O)N(S(=O)c1ccc(N)cc1)c2onc(C)c2C","acetyl sulfisoxazole"
"518","1,1,1,2-Tetrachloroethane",-2.794,1,167.85,0,0,0,0,-2.18,"ClCC(Cl)(Cl)Cl","1,1,1,2-tetrachloroethane"
"519","1-Butanol",-0.688,1,74.123,1,0,2,20.23,0,"CCCCO","1-butanol"
"520","Siduron",-3.779,1,232.327,2,2,2,41.13,-4.11,"CC1CCCCC1NC(=O)Nc2ccccc2","siduron"
"521","1,3,5-Trichlorobenzene",-4.159,1,181.449,0,1,0,0,-4.48,"Clc1cc(Cl)cc(Cl)c1","1,3,5-trichlorobenzene"
"522","Furfural",-1.391,1,96.085,0,1,1,30.21,-0.1,"O=Cc1ccco1","furfural"
"523","3-Methylbutan-1-ol",-1.027,1,88.15,1,0,2,20.23,-0.51,"CC(C)CCO","3-methylbutan-1-ol"
"524","piperonal",-2.033,1,150.133,0,2,1,35.53,-1.63,"O=Cc2ccc1OCOc1c2","piperonal"
"525","2-Methylpropene",-1.573,1,56.108,0,0,0,0,-2.33,"CC(=C)C","2-methylpropene"
"526","Benzaldehyde",-1.999,1,106.124,0,1,1,17.07,-1.19,"O=Cc1ccccc1","benzaldehyde"
"527","2,3-Dimethyl-1,3-Butadiene",-2.052,1,82.146,0,0,1,0,-2.4,"CC(=C)C(=C)C","2,3-dimethyl-1,3-butadiene"
"528","Benfuracarb",-5.133,1,410.536,0,2,8,68.31,-4.71,"CCOC(=O)CCN(SN(C)C(=O)Oc1cccc2CC(C)(C)Oc21)C(C)C","benfuracarb"
"529","RTI 10",-2.771,1,226.235,0,3,0,42.43,-3.672,"O2c1ccccc1N(C)C(=O)c3cccnc23","rti 10"
"530","Fluorene",-4.125,2,166.223,0,3,0,0,-5,"C1c2ccccc2c3ccccc13","fluorene"
"531","Methylcyclohexane",-2.891,1,98.189,0,1,0,0,-3.85,"CC1CCCCC1","methylcyclohexane"
"532","sulfaguanidine",-0.706,1,214.25,4,1,2,122.06,-1.99,"NC(=N)NS(=O)(=O)c1ccc(N)cc1","sulfaguanidine"
"533","Methylparaben",-2.441,1,152.149,1,1,1,46.53,-1.827,"COC(=O)c1ccc(O)cc1","methylparaben"
"534","2-Methyltetrahydrofurane",-1.034,1,86.134,0,1,0,9.23,0.11,"CC1CCCO1","2-methyltetrahydrofurane"
"535","Santonin",-2.43,1,246.306,0,3,0,43.37,-3.09,"CC3C2CCC1(C)C=CC(=O)C(=C1C2OC3=O)C","santonin"
"536","Salicin",-0.975,1,286.28,5,2,4,119.61,-0.85,"OCC2OC(Oc1ccccc1CO)C(O)C(O)C2O","salicin"
"537","1-Iodopropane",-2.486,1,169.993,0,0,1,0,-2.29,"CCCI","1-iodopropane"
"538","Ametryn",-3.43,1,227.337,2,1,5,62.73,-3.04,"CCNc1nc(NC(C)C)nc(SC)n1","ametryn"
"539","1-Propanol",-0.334,1,60.096,1,0,1,20.23,0.62,"CCCO","1-propanol"
"540","Hydroxyprogesterone-17a",-3.876,1,330.468,1,4,1,54.37,-3.817,"CC(=O)C1(O)CCC2C3CCC4=CC(=O)CCC4(C)C3CCC21C","hydroxyprogesterone-17a"
"541","2-Pentanol",-0.97,1,88.15,1,0,2,20.23,-0.29,"CCCC(C)O","2-pentanol"
"542","benzoin",-3.148,1,212.248,1,2,3,37.3,-2.85,"OC(C(=O)c1ccccc1)c2ccccc2","benzoin"
"543","2,4-Dimethylphenol",-2.621,1,122.167,1,1,0,20.23,-1.19,"Cc1ccc(O)c(C)c1","2,4-dimethylphenol"
"544","m-Chloronitrobenzene",-2.901,1,157.556,0,1,1,43.14,-2.77,"Clc1cccc(c1)N(=O)=O","m-chloronitrobenzene"
"545","ampyrone",-1.192,1,203.245,1,2,1,52.95,-0.624,"Cc2c(N)c(=O)n(c1ccccc1)n2C","ampyrone"
"546","2,2',4,5'-PCB",-6.23,1,291.992,0,2,1,0,-6.57,"Clc1ccc(c(Cl)c1)c2cc(Cl)ccc2Cl","2,2',4,5'-pcb"
"547","Hexachloro-1,3-butadiene",-4.546,1,260.762,0,0,1,0,-4.92,"ClC(=C(Cl)C(=C(Cl)Cl)Cl)Cl","hexachloro-1,3-butadiene"
"548","Terbutryn",-3.75,1,241.364,2,1,4,62.73,-4,"CCNc1nc(NC(C)(C)C)nc(SC)n1","terbutryn"
"549","3-Methyl-2-pentanol",-1.308,1,102.177,1,0,3,20.23,-0.71,"CCC(C)CCO","3-methyl-2-pentanol"
"550","2-methylpteridine",-1.24,1,146.153,0,2,0,51.56,-0.12,"Cc2ncc1nccnc1n2","2-methylpteridine"
"551","Danazol",-4.557,1,337.463,1,5,0,46.26,-5.507,"CC23Cc1cnoc1C=C2CCC4C3CCC5(C)C4CCC5(O)C#C","danazol"
"552","1-Iodobutane",-2.841,1,184.02,0,0,2,0,-2.96,"CCCCI","1-iodobutane"
"553","2-Bromonapthalene",-4.434,1,207.07,0,2,0,0,-4.4,"Brc1ccc2ccccc2c1","2-bromonapthalene"
"554","Digoxin (L1=41,8mg/mL, L2=68,2mg/mL, Z=40,1mg/mL)",-5.312,1,780.949,6,8,7,203.06,-4.081,"CC1OC(CC(O)C1O)OC2C(O)CC(OC2C)OC8C(O)CC(OC7CCC3(C)C(CCC4C3CC(O)C5(C)C(CCC45O)C6=CC(=O)OC6)C7)OC8C","digoxin (l1=41,8mg/ml, l2=68,2mg/ml, z=40,1mg/ml)"
"555","Benzyltrifluoride",-3.099,1,146.111,0,1,0,0,-2.51,"FC(F)(F)c1ccccc1","benzyltrifluoride"
"556","Dihexyl phthalate",-5.758,1,334.456,0,1,12,52.6,-6.144,"CCCCCCOC(=O)c1ccccc1C(=O)OCCCCCC","dihexyl phthalate"
"557","Dibenzothiophene",-4.597,2,184.263,0,3,0,0,-4.38,"c1ccc2c(c1)sc3ccccc23","dibenzothiophene"
"558","2,3',4,4'-PCB",-6.709,1,326.437,0,2,1,0,-7.8,"Clc1ccc(c(Cl)c1)c2ccc(Cl)c(Cl)c2Cl","2,3',4,4'-pcb"
"559","2,2',3,3',4,4'-PCB",-7.192,1,360.882,0,2,1,0,-8.01,"Clc1ccc(c(Cl)c1Cl)c2ccc(Cl)c(Cl)c2Cl","2,2',3,3',4,4'-pcb"
"560","Warfarin",-3.913,1,308.333,1,3,4,67.51,-3.893,"CC(=O)CC(c1ccccc1)c3c(O)c2ccccc2oc3=O","warfarin"
"561","hydrobenzoin",-2.645,1,214.264,2,2,3,40.46,-1.93,"c1ccccc1C(O)C(O)c2ccccc2","hydrobenzoin"
"562","Dimethyl phthalate",-2.347,1,194.186,0,1,2,52.6,-1.66,"COC(=O)c1ccccc1C(=O)OC","dimethyl phthalate"
"563","Ethyl octanoate",-2.962,1,172.268,0,0,7,26.3,-3.39,"CCCCCCCC(=O)OCC","ethyl octanoate"
"564","Diethyldisulfide",-2.364,1,122.258,0,0,3,0,-2.42,"CCSSCC","diethyldisulfide"
"565","1,2-Diethoxyethane",-0.833,1,118.176,0,0,5,18.46,-0.77,"CCOCCOCC","1,2-diethoxyethane"
"566","1,2,4,5-Tetrachlorobenzene",-4.621,1,215.894,0,1,0,0,-5.56,"Clc1cc(Cl)c(Cl)cc1Cl","1,2,4,5-tetrachlorobenzene"
"567","p-benzidine",-2.613,1,184.242,2,2,1,52.04,-2.7,"Nc1ccc(cc1)c2ccc(N)cc2","p-benzidine"
"568","1-Heptene",-2.718,1,98.189,0,0,4,0,-3.73,"CCCCCC=C","1-heptene"
"569","Ethirimol",-2.732,1,209.293,2,1,5,57.78,-3.028,"CCCCc1c(C)nc(NCC)[nH]c1=O","ethirimol"
"570","Pentobarbital",-2.312,1,226.276,2,1,4,75.27,-2.39,"O=C1NC(=O)NC(=O)C1(CC)C(C)CCC","pentobarbital"
"571","o-Chloroaniline",-2.392,1,127.574,1,1,0,26.02,-1.52,"Nc1ccccc1Cl","o-chloroaniline"
"572","3-Chloroanisole",-3.057,1,142.585,0,1,1,9.23,-2.78,"COc1cccc(Cl)c1","3-chloroanisole"
"573","PEBULATE",-3.131,1,203.351,0,0,6,20.31,-3.53,"CCCCN(CC)C(=O)SCCC","pebulate"
"574","Butyl acetate",-1.111,1,102.133,0,0,4,26.3,-1.37,"CCCCOC=O","butyl acetate"
"575","Prednisolone",-2.974,1,360.45,3,4,2,94.83,-3.18,"CC12CC(O)C3C(CCC4=CC(=O)C=CC34C)C2CCC1(O)C(=O)CO","prednisolone"
"576","Bromodichloromethane",-2.176,1,163.829,0,0,0,0,-1.54,"BrC(Cl)Cl","bromodichloromethane"
"577","adrenosterone",-2.99,1,300.398,0,4,0,51.21,-3.48,"CC34CC(=O)C1C(CCC2=CC(=O)CCC12C)C3CCC4(=O)","adrenosterone"
"578","p-terphenyl",-5.741,2,230.31,0,3,2,0,-7.11,"c1ccc(cc1)c2ccc(cc2)c3ccccc3","p-terphenyl"
"579","p-Hydroxybenzaldehyde",-2.003,1,122.123,1,1,1,37.3,-0.96,"Oc1ccc(C=O)cc1","p-hydroxybenzaldehyde"
"580","Bromomethane",-1.109,1,94.939,0,0,0,0,-0.79,"CBr","bromomethane"
"581","Perfluidone",-4.945,1,379.381,1,2,4,80.31,-3.8,"Cc1cc(ccc1NS(=O)(=O)C(F)(F)F)S(=O)(=O)c2ccccc2","perfluidone"
"582","Coumachlor",-4.554,1,342.778,1,3,4,67.51,-5.839,"CC(=O)CC(c1ccc(Cl)cc1)c2c(O)c3ccccc3oc2=O","coumachlor"
"583","5-methylcytosine",-0.257,1,125.131,2,1,0,71.77,-1.458,"Nc1c(C)c[nH]c(=O)n1","5-methylcytosine"
"584","2,3,4,5,6-PCB",-6.785,1,326.437,0,2,1,0,-7.92,"Clc2c(Cl)c(Cl)c(c1ccccc1)c(Cl)c2Cl","2,3,4,5,6-pcb"
"585","benodanil",-4.245,1,323.133,1,2,2,29.1,-4.21,"c1c(NC(=O)c2ccccc2(I))cccc1","benodanil"
"586","Riboflavin",-1.865,1,376.369,5,3,5,NA,-3.685,"Cc3cc2nc1c(=O)[nH]c(=O)nc1n(CC(O)C(O)C(O)CO)c2cc3C","riboflavin"
"587","o-Fluorobromobenzene",-3.467,1,175,0,1,0,0,-2.7,"Fc1ccccc1Br","o-fluorobromobenzene"
"588","2,4-Dichlorophenol",-3.22,1,163.003,1,1,0,20.23,-1.55,"Oc1ccc(Cl)cc1Cl","2,4-dichlorophenol"
"589","Permethrin",-7.129,1,391.294,0,3,6,35.53,-6.291,"CC1(C)C(C=C(Cl)Cl)C1C(=O)OCc2cccc(Oc3ccccc3)c2","permethrin"
"590","piroxicam",-3.473,1,331.353,2,3,2,99.6,-4.16,"CN2C(=C(O)c1ccccc1S2(=O)=O)C(=O)Nc3ccccn3","piroxicam"
"591","3-Propanoyloxymethylphenytoin",-3.128,1,338.363,1,3,5,75.71,-4.907,"O=C1N(COC(=O)CC)C(=O)C(N1)(c2ccccc2)c3ccccc3","3-propanoyloxymethylphenytoin"
"592","Cyclopentane",-2.038,2,70.135,0,1,0,0,-2.64,"C1CCCC1","cyclopentane"
"593","o-Toluidine",-1.922,1,107.156,1,1,0,26.02,-2.21,"Cc1ccccc1N","o-toluidine"
"594","Estragole",-3.074,1,148.205,0,1,3,9.23,-2.92,"c1(OC)ccc(CC=C)cc1","estragole"
"595","karbutilate",-2.655,1,279.34,2,1,2,70.67,-2.93,"CN(C)C(=O)Nc1cccc(OC(=O)NC(C)(C)C)c1","karbutilate"
"596","3-Methyl-1-Butene",-1.994,1,70.135,0,0,1,0,-2.73,"CC(C)C=C","3-methyl-1-butene"
"597","2-Hydroxypyridine",-1.655,1,95.101,1,1,0,33.12,1.02,"Oc1ccccn1","2-hydroxypyridine"
"598","Ethane",-1.132,1,30.07,0,0,0,0,-1.36,"CC","ethane"
"599","1,2-Dichlorobenzene",-3.482,1,147.004,0,1,0,0,-3.05,"Clc1ccccc1Cl","1,2-dichlorobenzene"
"600","mercaptobenzothiazole",-3.411,1,167.258,1,2,0,12.89,-3.18,"Sc2nc1ccccc1s2","mercaptobenzothiazole"
"601","2,2',3,3',4,4',5,5',6,6'-PCB",-9.589,1,498.662,0,2,1,0,-11.6,"Clc1c(Cl)c(Cl)c(c(Cl)c1Cl)c2c(Cl)c(Cl)c(Cl)c(Cl)c2Cl","2,2',3,3',4,4',5,5',6,6'-pcb"
"602","Methoxsalen",-3.25,1,216.192,0,3,1,52.58,-3.664,"COc2c1occc1cc3ccc(=O)oc23","methoxsalen"
"603","Acetamide",0.494,1,59.068,1,0,0,43.09,1.58,"CC(=O)N","acetamide"
"604","1-Methylnaphthalene",-3.802,1,142.201,0,2,0,0,-3.7,"Cc1cccc2ccccc12","1-methylnaphthalene"
"605","Napropamide",-4.088,1,271.36,0,2,5,29.54,-3.57,"CCN(CC)C(=O)C(C)Oc1cccc2ccccc12","napropamide"
"606","3,3-Dimethyl-2-butanol",-1.292,1,102.177,1,0,0,20.23,-0.62,"CC(O)C(C)(C)C","3,3-dimethyl-2-butanol"
"607","Methyl pentanoate",-1.545,1,116.16,0,0,3,26.3,-1.36,"CCCC(=O)OCC","methyl pentanoate"
"608","Menadione",-2.667,1,172.183,0,2,0,34.14,-3.03,"CC2=CC(=O)c1ccccc1C2=O","menadione"
"609","Phenanthrene",-4.518,2,178.234,0,3,0,0,-5.26,"c1ccc2c(c1)ccc3ccccc32","phenanthrene"
"610","2,4-Dimethylpyridine",-2.098,1,107.156,0,1,0,12.89,0.38,"Cc1ccnc(C)c1","2,4-dimethylpyridine"
"611","1-Nonanol",-2.46,1,144.258,1,0,7,20.23,-3.01,"CCCCCCCCCO","1-nonanol"
"612","Dibromomethane",-1.883,1,173.835,0,0,0,0,-1.17,"BrCBr","dibromomethane"
"613","Dexamethasone",-3.4,1,392.467,3,4,2,94.83,-3.59,"CC1CC2C3CCC4=CC(=O)C=CC4(C)C3(F)C(O)CC2(C)C1(O)C(=O)CO","dexamethasone"
"614","2,6-Dimethylnaphthalene",-4.147,1,156.228,0,2,0,0,-4.89,"Cc1ccc2cc(C)ccc2c1","2,6-dimethylnaphthalene"
"615","Butylate",-3.453,1,217.378,0,0,5,20.31,-3.68,"CCSC(=O)N(CC(C)C)CC(C)C","butylate"
"616","nitroglycerin",-2.029,1,227.085,0,0,8,157.11,-2.22,"O=N(=O)OCC(CON(=O)=O)ON(=O)=O","nitroglycerin"
"617","m-Nitroaniline",-1.936,1,138.126,1,1,1,69.16,-2.19,"Nc1cccc(c1)N(=O)=O","m-nitroaniline"
"618","1-Chlorobutane",-1.94,1,92.569,0,0,2,0,-2.03,"CCCCCl","1-chlorobutane"
"619","triforine",-3.715,1,430.934,2,1,6,64.68,-4.19,"ClC(Cl)(Cl)C(NC=O)N1C=CN(C=C1)C(NC=O)C(Cl)(Cl)Cl","triforine"
"620","Fluridone",-4.249,1,329.321,0,3,2,22,-4.445,"Cn2cc(c1ccccc1)c(=O)c(c2)c3cccc(c3)C(F)(F)F","fluridone"
"621","6-aminochrysene",-4.849,1,243.309,1,4,0,26.02,-6.2,"Nc3cc2c1ccccc1ccc2c4ccccc34","6-aminochrysene"
"622","Estrone",-3.872,1,270.372,1,4,0,37.3,-3.955,"CC12CCC3C(CCc4cc(O)ccc34)C2CCC1=O","estrone"
"623","RTI 17",-4.227,1,269.373,0,3,1,19.37,-4.706,"CCN2c1ccccc1N(C)C(=S)c3cccnc23","rti 17"
"624","1,2-Propylene oxide",-0.358,1,58.08,0,1,0,12.53,-0.59,"CC1CO1","1,2-propylene oxide"
"625","Nitrazepam",-3.473,1,281.271,1,3,2,84.6,-3.796,"O=C3CN=C(c1ccccc1)c2cc(ccc2N3)N(=O)=O","nitrazepam"
"626","1,3-diethylthiourea",-1.028,1,132.232,2,0,2,24.06,-1.46,"CCNC(=S)NCC","1,3-diethylthiourea"
"627","2,3,5-Trichlorophenol",-3.78,1,197.448,1,1,0,20.23,-2.67,"Oc1cc(Cl)cc(Cl)c1Cl","2,3,5-trichlorophenol"
"628","Propyl propanoate",-1.545,1,116.16,0,0,3,26.3,-1.34,"CCCCC(=O)OC","propyl propanoate"
"629","Aniline",-1.632,1,93.129,1,1,0,26.02,-0.41,"Nc1ccccc1","aniline"
"630","1,5-Dimethlnapthalene",-4.147,1,156.228,0,2,0,0,-4.679,"Cc1cccc2c(C)cccc12","1,5-dimethlnapthalene"
"631","hydrochlorothiazide",-1.72,1,297.745,3,2,1,118.36,-2.63,"NS(=O)(=O)c2cc1c(NCNS1(=O)=O)cc2Cl","hydrochlorothiazide"
"632","Acenapthylene",-3.682,2,152.196,0,3,0,0,-3.96,"C1=Cc2cccc3cccc1c23","acenapthylene"
"633","Ethyl butyrate",-2.254,1,144.214,0,0,5,26.3,-1.28,"CCCCCOC(=O)CC","ethyl butyrate"
"634","Atratone",-3.185,1,211.269,2,1,5,71.96,-2.084,"CCNc1nc(NC(C)C)nc(OC)n1","atratone"
"635","Benzo(a)pyrene",-6.007,2,252.316,0,5,0,0,-8.699,"c1ccc2c(c1)cc3ccc4cccc5ccc2c3c45","benzo(a)pyrene"
"636","Bromoethane",-1.529,1,108.966,0,0,0,0,-1.09,"CCBr","bromoethane"
"637","3-Hexyne",-1.933,1,82.146,0,0,0,0,-1.99,"CCC#CCC","3-hexyne"
"638","Digitoxin",-6.114,1,764.95,5,8,7,182.83,-5.293,"CC1OC(CC(O)C1O)OC2C(O)CC(OC2C)OC8C(O)CC(OC7CCC3(C)C(CCC4C3CCC5(C)C(CCC45O)C6=CC(=O)OC6)C7)OC8C","digitoxin"
"639","2-Methyl-1-Butene",-1.994,1,70.135,0,0,1,0,-2.73,"CCC(=C)C","2-methyl-1-butene"
"640","8-quinolinol",-2.725,1,145.161,1,2,0,33.12,-2.42,"Oc1cccc2cccnc12","8-quinolinol"
"641","1,2,3,4-Tetrahydronapthalene",-3.447,2,132.206,0,2,0,0,-4.37,"C1CCc2ccccc2C1","1,2,3,4-tetrahydronapthalene"
"642","phenolphthalein",-4.59,1,318.328,2,4,2,66.76,-2.9,"Oc1ccc(cc1)C2(OC(=O)c3ccccc23)c4ccc(O)cc4","phenolphthalein"
"643","1,3,5-Tribromobenzene",-5.27,1,314.802,0,1,0,0,-5.6,"Brc1cc(Br)cc(Br)c1","1,3,5-tribromobenzene"
"644","Ronnel",-5.247,1,321.549,0,1,4,27.69,-5.72,"COP(=S)(OC)Oc1cc(Cl)c(Cl)cc1Cl","ronnel"
"645","methylthiouracil",-0.547,1,142.183,2,1,0,48.65,-2.436,"Cc1cc(=O)[nH]c(=S)[nH]1","methylthiouracil"
"646","Eugenol",-2.675,1,164.204,1,1,3,29.46,-1.56,"COc1cc(CC=C)ccc1O","eugenol"
"647","5-Allyl-5-isopropylbarbital",-1.706,1,210.233,2,1,3,75.27,-1.708,"O=C1NC(=O)NC(=O)C1(C(C)C)CC=C","5-allyl-5-isopropylbarbital"
"648","Pyrene",-4.957,2,202.256,0,4,0,0,-6.176,"c1cc2ccc3cccc4ccc(c1)c2c34","pyrene"
"649","1,1-Diethoxyethane",-0.899,1,118.176,0,0,4,18.46,-0.43,"CCOC(C)OCC","1,1-diethoxyethane"
"650","Clomazone",-3.077,1,239.702,0,2,2,29.54,-2.338,"CC1(C)CON(Cc2ccccc2Cl)C1=O","clomazone"
"651","2-Butoxyethanol",-0.775,1,118.176,1,0,5,29.46,-0.42,"CCCCOCCO","2-butoxyethanol"
"652","Quintozene",-5.098,1,295.336,0,1,1,43.14,-5.82,"Clc1c(Cl)c(Cl)c(N(=O)=O)c(Cl)c1Cl","quintozene"
"653","Androsterone",-3.882,1,290.447,1,4,0,37.3,-4.402,"CC12CCC(O)CC1CCC3C2CCC4(C)C3CCC4=O","androsterone"
"654","Flurochloridone",-4.749,1,312.118,0,2,2,20.31,-4.047,"FC(F)(F)c1cccc(c1)N2CC(CCl)C(Cl)C2=O","flurochloridone"
"655","Quinoline",-2.663,2,129.162,0,2,0,12.89,-1.3,"c1ccc2ncccc2c1","quinoline"
"656","methyl gallate",-1.913,1,184.147,3,1,1,86.99,-1.24,"COC(=O)c1cc(O)c(O)c(O)c1","methyl gallate"
"657","fluconazole",-2.418,1,306.276,1,3,5,81.65,-1.8,"OC(Cn1cncn1)(Cn2cncn2)c3ccc(F)cc3F","fluconazole"
"658","Chlorzoxazone",-2.679,1,169.567,1,2,0,46,-2.831,"Clc2ccc1oc(=O)[nH]c1c2","chlorzoxazone"
"659","2,2',3,4,4',5',6-PCB",-7.898,1,395.327,0,2,1,0,-7.92,"Clc1ccc(c(Cl)c1)c2c(Cl)c(Cl)c(Cl)c(Cl)c2Cl","2,2',3,4,4',5',6-pcb"
"660","alloxan",0.436,1,142.07,2,1,0,92.34,-1.25,"O=C1NC(=O)C(=O)C(=O)N1","alloxan"
"661","1,3-Dichloropropane",-1.618,1,112.987,0,0,2,0,-1.62,"ClCCCCl","1,3-dichloropropane"
"662","m-Fluorobromobenzene",-3.467,1,175,0,1,0,0,-2.67,"Fc1cccc(Br)c1","m-fluorobromobenzene"
"663","p-Chlorobromobenzene",-3.928,1,191.455,0,1,0,0,-3.63,"Clc1ccc(Br)cc1","p-chlorobromobenzene"
"664","2,3-Dimethylbutane",-2.584,1,86.178,0,0,1,0,-3.65,"CC(C)C(C)C","2,3-dimethylbutane"
"665","1-Butene",-1.655,1,56.108,0,0,1,0,-1.94,"CCC=C","1-butene"
"666","2,2',3,4,5,5'-PCB",-7.343,1,360.882,0,2,1,0,-7.68,"Clc1ccc(Cl)c(c1)c2cc(Cl)c(Cl)c(Cl)c2Cl","2,2',3,4,5,5'-pcb"
"667","cytosine",0.051,1,111.104,2,1,0,71.77,-1.155,"Nc1cc[nH]c(=O)n1","cytosine"
"668","1,1,2-Trichlorotrifluoroethane",-3.077,1,187.375,0,0,1,0,-3.04,"FC(F)(Cl)C(F)(Cl)Cl","1,1,2-trichlorotrifluoroethane"
"669","Propionitrile",-0.269,1,55.08,0,0,0,23.79,0.28,"CCC#N","propionitrile"
"670","O,P'-DDD",-6.008,1,320.046,0,2,3,0,-6.51,"ClC(Cl)C(c1ccc(Cl)cc1)c2ccccc2Cl","o,p'-ddd"
"671","o-Nitroanisole",-2.346,1,153.137,0,1,2,52.37,-1.96,"COc1ccccc1N(=O)=O","o-nitroanisole"
"672","Prasterone",-3.564,1,288.431,1,4,0,37.3,-4.12,"CC34CCC1C(CC=C2CC(O)CCC12C)C3CCC4=O","prasterone"
"673","Procymidone",-3.464,1,284.142,0,3,1,37.38,-4.8,"CC12CC2(C)C(=O)N(C1=O)c3cc(Cl)cc(Cl)c3","procymidone"
"674","Benzo[ghi]perylene",-6.446,2,276.338,0,6,0,0,-9.018,"c1cc2ccc3ccc4ccc5cccc6c(c1)c2c3c4c56","benzo[ghi]perylene"
"675","Dinoseb",-3.715,1,240.215,1,1,4,106.51,-3.38,"CCC(C)c1cc(cc(N(=O)=O)c1O)N(=O)=O","dinoseb"
"676","meconin",-0.825,1,196.202,0,2,2,44.76,-1.899,"c1c(OC)c(OC)C2C(=O)OCC2c1","meconin"
"677","Glycerol",0.688,1,92.094,3,0,2,60.69,1.12,"OCC(O)CO","glycerol"
"678","Guaiacol",-1.941,1,124.139,1,1,1,29.46,-1.96,"COc1ccccc1O","guaiacol"
"679","chlorpyrifos",-4.972,1,350.591,0,1,6,40.58,-5.67,"CCOP(=S)(OCC)Oc1nc(Cl)c(Cl)cc1Cl","chlorpyrifos"
"680","9-Methylanthracene",-4.87,1,192.261,0,3,0,0,-5.89,"Cc1c2ccccc2cc3ccccc13","9-methylanthracene"
"681","Antipyrene",-1.733,1,188.23,0,2,1,26.93,0.715,"Cc1cc(=O)n(c2ccccc2)n1C","antipyrene"
"682","Methyl butyl ether",-1.072,1,88.15,0,0,3,9.23,-0.99,"CCCCOC","methyl butyl ether"
"683","7-methylpteridine",-1.24,1,146.153,0,2,0,51.56,-0.854,"Cc2cnc1cncnc1n2","7-methylpteridine"
"684","simazine",-2.811,1,201.661,2,1,4,62.73,-4.55,"CCNc1nc(Cl)nc(NCC)n1","simazine"
"685","N,N-Dimethylacetamide",0.123,1,87.122,0,0,0,20.31,1.11,"CN(C)C(=O)C","n,n-dimethylacetamide"
"686","Simetryn",-2.689,1,213.31,0,1,3,45.15,-2.676,"CSc1nc(nc(n1)N(C)C)N(C)C","simetryn"
"687","Ethylene",-0.815,1,28.054,0,0,0,0,-0.4,"C=C","ethylene"
"688","3,3-Dimethyl-1-butanol",-1.365,1,102.177,1,0,1,20.23,-0.5,"CC(C)(C)CCO","3,3-dimethyl-1-butanol"
"689","5-Allyl-5-ethylbarbital",-1.368,1,196.206,2,1,3,75.27,-1.614,"O=C1NC(=O)NC(=O)C1(CC)CC=C","5-allyl-5-ethylbarbital"
"690","2,3,4-Trichlorophenol",-3.705,1,197.448,1,1,0,20.23,-2.67,"Oc1ccc(Cl)c(Cl)c1Cl","2,3,4-trichlorophenol"
"691","Anisole",-2.368,1,108.14,0,1,1,9.23,-1.85,"COc1ccccc1","anisole"
"692","chloropropylate",-5.093,1,339.218,1,2,4,46.53,-4.53,"c1ccc(Cl)cc1C(c2ccc(Cl)cc2)(O)C(=O)OC(C)C","chloropropylate"
"693","aldosterone",-3.066,1,360.45,2,4,3,91.67,-3.85,"CC13CCC(=O)C=C1CCC4C2CCC(C(=O)CO)C2(CC(O)C34)C=O","aldosterone"
"694","Difenoxuron",-3.928,1,286.331,1,2,4,50.8,-4.16,"COc2ccc(Oc1ccc(NC(=O)N(C)C)cc1)cc2","difenoxuron"
"695","4-Ethyltoluene",-3.328,1,120.195,0,1,1,0,-3.11,"CCc1ccc(C)cc1","4-ethyltoluene"
"696","Diisopropylsulfide",-2.162,1,118.245,0,0,2,0,-2.24,"CC(C)SC(C)C","diisopropylsulfide"
"697","1,3-Dinitrobenzene",-2.281,1,168.108,0,1,2,86.28,-2.29,"O=N(=O)c1cccc(c1)N(=O)=O","1,3-dinitrobenzene"
"698","Ethion",-5.471,1,384.487,0,0,12,36.92,-5.54,"CCOP(=S)(OCC)SCSP(=S)(OCC)OCC","ethion"
"699","probarbital",-1.603,1,198.222,2,1,2,75.27,-2.21,"CCC1(C(C)C)C(=O)NC(=O)NC1=O","probarbital"
"700","cortisone acetate",-3.426,1,402.487,1,4,3,97.74,-4.21,"CC(=O)OCC(=O)C3(O)CCC4C2CCC1=CC(=O)CCC1(C)C2C(=O)CC34C","cortisone acetate"
"701","Metronidazole",-0.859,1,171.156,1,1,3,81.19,-1.22,"Cc1ncc(N(=O)=O)n1CCO","metronidazole"
"702","p-Chloroaniline",-2.392,1,127.574,1,1,0,26.02,-1.66,"Nc1ccc(Cl)cc1","p-chloroaniline"
"703","2,2-Dimethylpentanol",-1.719,1,116.204,1,0,3,20.23,-1.52,"CCCC(C)(C)CO","2,2-dimethylpentanol"
"704","Furane",-1.837,2,68.075,0,1,0,13.14,-0.82,"c1ccoc1","furane"
"705","Methoproptryne",-3.259,1,271.39,2,1,8,71.96,-2.928,"COCCCNc1nc(NC(C)C)nc(SC)n1","methoproptryne"
"706","Norea",-2.47,1,222.332,1,3,1,32.34,-3.171,"CN(C)C(=O)NC1CC2CC1C3CCCC23","norea"
"707","t-Butylbenzene",-3.554,1,134.222,0,1,0,0,-3.66,"CC(C)(C)c1ccccc1","t-butylbenzene"
"708","kebuzone",-2.645,1,322.364,0,3,5,57.69,-3.27,"CC(=O)CCC1C(=O)N(N(C1=O)c2ccccc2)c3ccccc3","kebuzone"
"709","prednisolone acetate",-3.507,1,402.487,2,4,3,100.9,-4.37,"CC(=O)OCC(=O)C3(O)CCC4C2CCC1=CC(=O)C=CC1(C)C2C(O)CC34C","prednisolone acetate"
"710","Methyl propyl ether",-0.718,1,74.123,0,0,2,9.23,-0.39,"CCCOC","methyl propyl ether"
"711","Isopropyl acetate",-1.191,1,102.133,0,0,1,26.3,-0.55,"CC(C)OC(=O)C","isopropyl acetate"
"712","Bromobenzene",-3.345,1,157.01,0,1,0,0,-2.55,"Brc1ccccc1","bromobenzene"
"713","Ethyl-p-hydroxybenzoate",-2.761,1,166.176,1,1,2,46.53,-2.35,"CCOC(=O)c1ccc(O)cc1","ethyl-p-hydroxybenzoate"
"714","3-Butanoyloxymethylphenytoin",-3.469,1,352.39,1,3,6,75.71,-5.071,"O=C1N(COC(=O)CCC)C(=O)C(N1)(c2ccccc2)c3ccccc3","3-butanoyloxymethylphenytoin"
"715","testosterone propionate",-4.87,1,344.495,0,4,2,43.37,-5.37,"CCC(=O)OC3CCC4C2CCC1=CC(=O)CCC1(C)C2CCC34C","testosterone propionate"
"716","Coronene",-6.885,2,300.36,0,7,0,0,-9.332,"c1cc2ccc3ccc4ccc5ccc6ccc1c7c2c3c4c5c67","coronene"
"717","allopurinol",-0.84,1,136.114,2,2,0,74.43,-2.266,"O=c1[nH]cnc2[nH]ncc12","allopurinol"
"718","Chloroethylene",-1.188,1,62.499,0,0,0,0,-1.75,"ClC=C","chloroethylene"
"719","diphenamid",-3.147,1,239.318,0,2,3,20.31,-2.98,"CN(C)C(=O)C(c1ccccc1)c2ccccc2","diphenamid"
"720","Tetrabromomethane",-4.063,1,331.627,0,0,0,0,-3.14,"BrC(Br)(Br)Br","tetrabromomethane"
"721","RTI 22",-4.408,1,296.374,1,3,2,48.47,-4.871,"CCN2c1cc(N(C)C)cc(C)c1NC(=O)c3cccnc23","rti 22"
"722","phthalimide",-1.882,1,147.133,1,2,0,46.17,-2.61,"O=C1NC(=O)c2ccccc12","phthalimide"
"723","Fenarimol",-4.108,1,331.202,1,3,3,46.01,-4.38,"OC(c1ccc(Cl)cc1)(c2cncnc2)c3ccccc3Cl","fenarimol"
"724","Methyl benzoate",-2.462,1,136.15,0,1,1,26.3,-1.85,"COC(=O)c1ccccc1","methyl benzoate"
"725","1-methyluracil",-0.375,1,126.115,1,1,0,54.86,-0.807,"Cn1ccc(=O)[nH]c1=O","1-methyluracil"
"726","oxyphenbutazone",-3.739,1,324.38,1,3,5,60.85,-3.73,"CCCCC1C(=O)N(N(C1=O)c2ccc(O)cc2)c3ccccc3","oxyphenbutazone"
"727","2,2',3,5'-PCB",-6.155,1,291.992,0,2,1,0,-6.47,"Clc1ccc(Cl)c(c1)c2cccc(Cl)c2Cl","2,2',3,5'-pcb"
"728","Quinethazone",-2.184,1,289.744,3,2,2,101.29,-3.29,"CCC2NC(=O)c1cc(c(Cl)cc1N2)S(N)(=O)=O","quinethazone"
"729","Diuron",-3.301,1,233.098,1,1,1,32.34,-3.8,"CN(C)C(=O)Nc1ccc(Cl)c(Cl)c1","diuron"
"730","Cyclopentene",-1.72,2,68.119,0,1,0,0,-2.1,"C1CC=CC1","cyclopentene"
"731","alloxantin",0.919,1,286.156,6,2,1,191,-1.99,"C1(=O)NC(=O)NC(=O)C1(O)C2(O)C(=O)NC(=O)NC2(=O)","alloxantin"
"732","Nonane",-3.678,1,128.259,0,0,6,0,-5.88,"CCCCCCCCC","nonane"
"733","2-Chlorophenol",-2.553,1,128.558,1,1,0,20.23,-1.06,"Oc1ccccc1Cl","2-chlorophenol"
"734","5-Methylchrysene",-5.931,1,242.321,0,4,0,0,-6.59,"c1cccc2c3c(C)cc4ccccc4c3ccc12","5-methylchrysene"
"735","Phenetole",-2.66,1,122.167,0,1,2,9.23,-2.33,"CCOc1ccccc1","phenetole"
"736","ethyl cinnamate",-3.098,1,176.215,0,1,3,26.3,-3,"CCOC(=O)C=Cc1ccccc1","ethyl cinnamate"
"737","Terbacil",-3.033,1,216.668,1,1,0,54.86,-2.484,"Cc1[nH]c(=O)n(c(=O)c1Cl)C(C)(C)C","terbacil"
"738","Clonazepam",-3.707,1,315.716,1,3,2,84.6,-3.499,"Clc1ccccc1C2=NCC(=O)Nc3ccc(cc23)N(=O)=O","clonazepam"
"739","p-Toluenesulfonamide",-1.815,1,171.221,1,1,1,60.16,-1.74,"Cc1ccc(cc1)S(=O)(=O)N","p-toluenesulfonamide"
"740","Chlorbufam",-3.629,1,223.659,1,1,2,38.33,-2.617,"CC(OC(=O)Nc1cccc(Cl)c1)C#C","chlorbufam"
"741","2-Methylheptane",-3.308,1,114.232,0,0,4,0,-5.08,"CCCCCC(C)C","2-methylheptane"
"742","Cyhalothrin",-6.905,1,449.856,0,3,6,59.32,-8.176,"CC1(C)C(C=C(Cl)C(F)(F)F)C1C(=O)OC(C#N)c2cccc(Oc3ccccc3)c2","cyhalothrin"
"743","Apazone",-2.9,1,300.362,0,NA,2,56.22,-3.538,"CCCC1C(=O)N3N(C1=O)c2cc(C)ccc2N=C3N(C)C","apazone"
"744","Diazepam",-4.05,1,284.746,0,3,1,32.67,-3.754,"CN2C(=O)CN=C(c1ccccc1)c3cc(Cl)ccc23","diazepam"
"745","2-Methyl-3-pentanol",-1.308,1,102.177,1,0,2,20.23,-0.7,"CCC(O)C(C)C","2-methyl-3-pentanol"
"746","fensulfothion",-3.283,1,308.361,0,1,7,44.76,-2.3,"CCOP(=S)(OCC)Oc1ccc(cc1)S(C)=O","fensulfothion"
"747","Testosterone",-3.659,1,288.431,1,4,0,37.3,-4.02,"CC12CCC3C(CCC4=CC(=O)CCC34C)C2CCC1O","testosterone"
"748","Heptane",-2.97,1,100.205,0,0,4,0,-4.53,"CCCCCCC","heptane"
"749","1-Napthol",-3.08,1,144.173,1,2,0,20.23,-2.22,"Oc1cccc2ccccc12","1-napthol"
"750","cis-1,2-Dimethylcyclohexane",-3.305,1,112.216,0,1,0,0,-4.3,"C/C1CCCCC1\C","cis-1,2-dimethylcyclohexane"
"751","Trimazosin",-3.958,1,435.481,2,3,6,132.5,-3.638,"COc2cc1c(N)nc(nc1c(OC)c2OC)N3CCN(CC3)C(=O)OCC(C)(C)O","trimazosin"
"752","Cholanthrene",-5.942,2,254.332,0,5,0,0,-7.85,"C1Cc2c3c1cccc3cc4c2ccc5ccccc54","cholanthrene"
"753","Medrogestone",-4.593,1,340.507,0,4,1,34.14,-5.27,"CC(=O)C3(C)CCC4C2C=C(C)C1=CC(=O)CCC1(C)C2CCC34C","medrogestone"
"754","2-Heptanone",-1.554,1,114.188,0,0,4,17.07,-1.45,"CCCCCC(=O)C","2-heptanone"
"755","Acephate",-0.416,1,183.169,1,0,3,55.4,0.54,"COP(=O)(NC(C)=O)SC","acephate"
"756","DEF",-4.074,1,314.522,0,0,12,17.07,-5.14,"CCCCSP(=O)(SCCCC)SCCCC","def"
"757","phthalamide",-0.636,1,149.149,1,2,0,46.17,-2.932,"c1cC2C(=O)NC(=O)C2cc1","phthalamide"
"758","Trichlomethiazide",-2.98,1,380.662,3,2,2,118.36,-2.68,"NS(=O)(=O)c2cc1c(NC(NS1(=O)=O)C(Cl)Cl)cc2Cl","trichlomethiazide"
"759","2-Methy-2-Butene",-1.994,1,70.135,0,0,0,0,-2.56,"CC=C(C)C","2-methy-2-butene"
"760","1,2,4-Trimethylbenzene",-3.343,1,120.195,0,1,0,0,-3.31,"Cc1ccc(C)c(C)c1","1,2,4-trimethylbenzene"
"761","2,4,5-Trichlorophenol",-3.78,1,197.448,1,1,0,20.23,-2.21,"Oc1cc(Cl)c(Cl)cc1Cl","2,4,5-trichlorophenol"
"762","phenanthridine",-3.713,2,179.222,0,3,0,12.89,-2.78,"c1ccc2c(c1)cnc3ccccc23","phenanthridine"
"763","3-Methyl-3-hexanol",-1.663,1,116.204,1,0,3,20.23,-0.98,"CCCC(C)(O)CC","3-methyl-3-hexanol"
"764","Octane",-3.324,1,114.232,0,0,5,0,-5.24,"CCCCCCCC","octane"
"765","Anthracene",-4.518,2,178.234,0,3,0,0,-6.35,"c1ccc2cc3ccccc3cc2c1","anthracene"
"766","Phenylhydrazine",-1.866,1,108.144,2,1,1,38.05,0.07,"NNc1ccccc1","phenylhydrazine"
"767","Propionaldehyde",-0.394,1,58.08,0,0,1,17.07,0.58,"CCC=O","propionaldehyde"
"768","Cyclooctane",-3.355,2,112.216,0,1,0,0,-4.15,"C1CCCCCCC1","cyclooctane"
"769","5,5-Diallylbarbital",-1.471,1,208.217,2,1,4,75.27,-2.077,"O=C1NC(=O)NC(=O)C1(CC=C)CC=C","5,5-diallylbarbital"
"770","Trichloromethane",-1.812,1,119.378,0,0,0,0,-1.17,"ClC(Cl)Cl","trichloromethane"
"771","thiouracil",-0.992,1,128.156,2,1,0,45.75,-2.273,"Sc1nccc(=O)[nH]1","thiouracil"
"772","Pencycuron",-5.126,1,328.843,1,3,4,32.34,-5.915,"Clc1ccc(CN(C2CCCC2)C(=O)Nc3ccccc3)cc1","pencycuron"
"773","1-Methylcyclohexene",-2.574,1,96.173,0,1,0,0,-3.27,"CC1=CCCCC1","1-methylcyclohexene"
"774","2-Ethylhexanal",-2.232,1,128.215,0,0,5,17.07,-2.13,"CCCCC(CC)C=O","2-ethylhexanal"
"775","Khellin",-3.603,1,260.245,0,3,2,61.81,-3.021,"COc2c1occc1c(OC)c3c(=O)cc(C)oc23","khellin"
"776","5-Ethyl-5-(3-methylbutyl)barbital",-2.312,1,226.276,2,1,4,75.27,-2.658,"O=C1NC(=O)NC(=O)C1(CC)CCC(C)C","5-ethyl-5-(3-methylbutyl)barbital"
"777","Benzo(j)fluoranthene",-6.007,2,252.316,0,5,0,0,-8,"c1ccc2c3c(ccc2c1)c4cccc5cccc3c45","benzo(j)fluoranthene"
"778","2-Ethylbutanal",-1.523,1,100.161,0,0,3,17.07,-1.52,"CCC(CC)C=O","2-ethylbutanal"
"779","Dipropyl ether",-1.426,1,102.177,0,0,4,9.23,-1.62,"CCCOCCC","dipropyl ether"
"780","1-Tetradecanol",-4.231,1,214.393,1,0,12,20.23,-5.84,"CCCCCCCCCCCCCCO","1-tetradecanol"
"781","2,3,6-Trichlorophenol",-3.572,1,197.448,1,1,0,20.23,-2.64,"Oc1c(Cl)ccc(Cl)c1Cl","2,3,6-trichlorophenol"
"782","Urea",0.832,1,60.056,2,0,0,69.11,0.96,"NC(=O)N","urea"
"783","1-Pentyne",-1.446,1,68.119,0,0,1,0,-1.64,"CCCC#C","1-pentyne"
"784","1,3-Dibromobenzene",-4.298,1,235.906,0,1,0,0,-3.54,"Brc1cccc(Br)c1","1,3-dibromobenzene"
"785","1-Octadecanol",-5.649,1,270.501,1,0,16,20.23,-8.4,"CCCCCCCCCCCCCCCCCCO","1-octadecanol"
"786","Acetanilide",-1.857,1,135.166,1,1,1,29.1,-1.33,"CC(=O)Nc1ccccc1","acetanilide"
"787","hematein",-1.795,1,300.266,4,4,0,107.22,-2.7,"c1cc(O)c(O)c2OCC3(O)CC4=CC(=O)C(O)=CC4=C3c21","hematein"
"788","Isonazid",-0.717,1,137.142,2,1,1,68.01,0.009,"c1nccc(C(=O)NN)c1","isonazid"
"789","hydroxychlordene",-4.156,1,354.875,1,3,0,20.23,-5.46,"OC1C=CC2C1C3(Cl)C(=C(Cl)C2(Cl)C3(Cl)Cl)Cl","hydroxychlordene"
"790","Isopentyl formate",-1.449,1,116.16,0,0,4,26.3,-1.52,"CC(C)CCOC=O","isopentyl formate"
"791","Acetophenone",-2.078,1,120.151,0,1,1,17.07,-1.28,"CC(=O)c1ccccc1","acetophenone"
"792","biquinoline",-4.903,2,256.308,0,4,1,25.78,-5.4,"c2ccc1nc(ccc1c2)c4ccc3ccccc3n4","biquinoline"
"793","Triethyl phosphate",-0.953,1,182.156,0,0,6,44.76,0.43,"CCOP(=O)(OCC)OCC","triethyl phosphate"
"794","D-fenchone",-2.158,1,152.237,0,2,0,17.07,-1.85,"CC2(C)C1CCC(C)(C1)C2=O","d-fenchone"
"795","7-methoxypteridine",-1.589,1,162.152,0,2,1,60.79,-0.91,"COc2cnc1cncnc1n2","7-methoxypteridine"
"796","Chlordene",-5.152,1,338.876,0,3,0,0,-5.64,"ClC2=C(Cl)C3(Cl)C1C=CCC1C2(Cl)C3(Cl)Cl","chlordene"
"797","2-Nitropropane",-0.743,1,89.094,0,0,1,43.14,-0.62,"CC(C)N(=O)=O","2-nitropropane"
"798","Carbazole",-3.836,2,167.211,1,3,0,15.79,-5.27,"c1ccc2c(c1)[nH]c3ccccc32","carbazole"
"799","Erythritol",0.675,1,122.12,4,0,3,80.92,0.7,"OCC(O)C(O)CO","erythritol"
"800","Risocaine",-2.709,1,179.219,1,1,3,52.32,-2.452,"CCCOC(=O)c1ccc(N)cc1","risocaine"
"801","Azodrin",-0.949,1,223.165,1,0,5,73.86,0.651,"CNC(=O)C=C(C)OP(=O)(OC)OC","azodrin"
"802","Succinimide",0.282,1,99.089,1,1,0,46.17,0.3,"O=C1CCC(=O)N1","succinimide"
"803","2,3-Dimethylpentane",-2.938,1,100.205,0,0,2,0,-4.28,"CCC(C)C(C)C","2,3-dimethylpentane"
"804","bupirimate",-3.493,1,316.427,1,1,8,84.42,-4.16,"CCCCc1c(C)nc(NCC)nc1OS(=O)(=O)N(C)C","bupirimate"
"805","RTI 16",-3.411,1,270.361,0,3,1,32.26,-4.634,"CCN2c1ncccc1N(C)C(=S)c3cccnc23","rti 16"
"806","RTI 9",-3.784,1,239.274,0,3,1,29.54,-3.68,"O2c1ccccc1N(CC)C(=O)c3ccccc23","rti 9"
"807","Tetrahydropyran",-0.978,2,86.134,0,1,0,9.23,-0.03,"C1CCOCC1","tetrahydropyran"
"808","1-Heptyne",-2.155,1,96.173,0,0,3,0,-3.01,"CCCCCC#C","1-heptyne"
"809","osthole",-4.076,1,244.29,0,2,3,39.44,-4.314,"c1cc2ccc(OC)c(CC=C(C)(C))c2oc1=O","osthole"
"810","3-Methylcholanthrene",-6.311,1,268.359,0,5,0,0,-7.92,"c1cc(C)cc2c1c3cc4cccc5CCc(c45)c3cc2","3-methylcholanthrene"
"811","Ethyl benzoate",-2.775,1,150.177,0,1,2,26.3,-2.32,"CCOC(=O)c1ccccc1","ethyl benzoate"
"812","1-Chloro-2-methylpropane",-1.924,1,92.569,0,0,1,0,-2,"ClCC(C)C","1-chloro-2-methylpropane"
"813","Ethinyl estradiol",-4.317,1,296.41,2,4,0,40.46,-4.3,"CC34CCC1C(CCc2cc(O)ccc12)C3CCC4(O)C#C","ethinyl estradiol"
"814","methyl laurate",-4.025,1,214.349,0,0,10,26.3,-4.69,"CCCCCCCCCCCC(=O)OC","methyl laurate"
"815","Di-n-propylsulfide",-2.307,1,118.245,0,0,4,0,-2.58,"CCCSCCC","di-n-propylsulfide"
"816","Napthacene",-5.568,2,228.294,0,4,0,0,-8.6,"c1ccc2cc3cc4ccccc4cc3cc2c1","napthacene"
"817","1-Bromopentane",-2.658,1,151.047,0,0,3,0,-3.08,"CCCCCBr","1-bromopentane"
"818","trans-2-Heptene",-2.784,1,98.189,0,0,3,0,-3.82,"CCCC/C=C/C","trans-2-heptene"
"819","Metranidazole",-0.859,1,171.156,1,1,3,81.19,-1.26,"Cc1ncc(N(=O)=O)n1CCO","metranidazole"
"820","Pentylcyclopentane",-3.869,1,140.27,0,1,4,0,-6.08,"CCCCCC1CCCC1","pentylcyclopentane"
"821","2,2',3,5,5',6-PCB",-7.261,1,360.882,0,2,1,0,-7.42,"Clc1ccc(Cl)c(c1)c2c(Cl)c(Cl)cc(Cl)c2Cl","2,2',3,5,5',6-pcb"
"822","5-Ethyl-5-isopropylbarbituric acid",-1.603,1,198.222,2,1,2,75.27,-2.148,"O=C1NC(=O)NC(=O)C1(CC)C(C)C","5-ethyl-5-isopropylbarbituric acid"
"823","1,1,1-Trichloroethane",-2.232,1,133.405,0,0,0,0,-2,"CC(Cl)(Cl)Cl","1,1,1-trichloroethane"
"824","Monolinuron",-2.948,1,214.652,1,1,2,41.57,-2.57,"CON(C)C(=O)Nc1ccc(Cl)cc1","monolinuron"
"825","Cyclohexyl-5-spirobarbituric acid",-1.405,1,196.206,2,2,0,75.27,-3.06,"O=C2NC(=O)C1(CCCCC1)C(=O)N2","cyclohexyl-5-spirobarbituric acid"
"826","dimetan",-2.304,1,211.261,0,1,1,46.61,-0.85,"CN(C)C(=O)OC1=CC(=O)CC(C)(C)C1","dimetan"
"827","4-Bromotoluene",-3.667,1,171.037,0,1,0,0,-3.19,"Cc1ccc(Br)cc1","4-bromotoluene"
"828","Diethyl ether",-0.718,1,74.123,0,0,2,9.23,-0.09,"CCOCC","diethyl ether"
"829","Rovral",-4.004,1,330.171,1,2,2,69.72,-4.376,"CC(C)NC(=O)N1CC(=O)N(C1=O)c2cc(Cl)cc(Cl)c2","rovral"
"830","Benfluralin",-5.205,1,335.282,0,1,7,89.52,-5.53,"CCCCN(CC)c1c(cc(cc1N(=O)=O)C(F)(F)F)N(=O)=O","benfluralin"
"831","2,4,6-Trimethylphenol",-2.941,1,136.194,1,1,0,20.23,-2.05,"Cc1cc(C)c(O)c(C)c1","2,4,6-trimethylphenol"
"832","Benzene",-2.418,2,78.114,0,1,0,0,-1.64,"c1ccccc1","benzene"
"833","p-Chloroiodobenzene",-4.384,1,238.455,0,1,0,0,-4.03,"Clc1ccc(I)cc1","p-chloroiodobenzene"
"834","Metoxuron",-2.683,1,228.679,1,1,2,41.57,-2.564,"COc1ccc(NC(=O)N(C)C)cc1Cl","metoxuron"
"835","propachlor",-3.018,1,211.692,0,1,3,20.31,-2.48,"CC(C)N(C(=O)CCl)c1ccccc1","propachlor"
"836","Styrene",-2.85,1,104.152,0,1,1,0,-2.82,"C=Cc1ccccc1","styrene"
"837","Dimethoxymethane",0.092,1,76.095,0,0,2,18.46,0.48,"COCOC","dimethoxymethane"
"838","o-Xylene",-3.004,1,106.168,0,1,0,0,-2.8,"Cc1ccccc1C","o-xylene"
"839","Butan-2-ol",-0.616,1,74.123,1,0,1,20.23,0.47,"CCC(C)O","butan-2-ol"
"840","1,4-Benzenediol",-1.59,1,110.112,2,1,0,40.46,-0.17,"Oc1ccc(O)cc1","1,4-benzenediol"
"841","estriol",-3.858,1,288.387,3,4,0,60.69,-4.955,"CC34CCC1C(CCc2cc(O)ccc12)C3CC(O)C4O","estriol"
"842","Benzo(b)fluorene",-5.189,2,216.283,0,4,0,0,-8.04,"C1c2ccccc2c3cc4ccccc4cc13","benzo(b)fluorene"
"843","hydantoin",0.603,1,100.077,2,1,0,58.2,-0.4,"O=C1CNC(=O)N1","hydantoin"
"844","4-hexylresorcinol",-3.493,1,194.274,2,1,5,40.46,-2.59,"c1(O)cc(O)ccc1CCCCCC","4-hexylresorcinol"
"845","allicin",-2.045,1,162.279,0,0,5,17.07,-0.83,"C=CCS(=O)SCC=C","allicin"
"846","Coumaphos",-5.04,1,362.771,0,2,6,57.9,-5.382,"CCOP(=S)(OCC)Oc2ccc1oc(=O)c(Cl)c(C)c1c2","coumaphos"
"847","5,6-Dimethylchrysene",-6.265,1,256.348,0,4,0,0,-7.01,"Cc1c(C)c2c3ccccc3ccc2c4ccccc14","5,6-dimethylchrysene"
"848","Betamethasone-17-valerate",-5.062,1,476.585,2,4,6,100.9,-4.71,"CCCCC(=O)OC3(C(C)CC4C2CCC1=CC(=O)C=CC1(C)C2(F)C(O)CC34C)C(=O)CO","betamethasone-17-valerate"
"849","uric acid",-0.541,1,168.112,4,2,0,114.37,-3.93,"O=c2[nH]c(=O)c1[nH]c(=O)[nH]c1[nH]2","uric acid"
"850","2,3,4,6-Tetrachlorophenol",-4.203,1,231.893,1,1,0,20.23,-3.1,"Oc1c(Cl)cc(Cl)c(Cl)c1Cl","2,3,4,6-tetrachlorophenol"
"851","1,3-Dichlorobenzene",-3.558,1,147.004,0,1,0,0,-3.04,"Clc1cccc(Cl)c1","1,3-dichlorobenzene"
"852","DDT",-6.638,1,354.491,0,2,2,0,-7.15,"Clc1ccc(cc1)C(c2ccc(Cl)cc2)C(Cl)(Cl)Cl","ddt"
"853","Isobutyl formate",-1.095,1,102.133,0,0,3,26.3,-1.01,"CC(C)COC=O","isobutyl formate"
"854","thioanisole",-2.87,1,124.208,0,1,1,0,-2.39,"c1ccccc1SC","thioanisole"
"855","RTI 13",-4.45,1,322.29,1,3,1,58.12,-4.207,"CCN2c1nc(C)cc(C(F)(F)F)c1NC(=O)c3cccnc23","rti 13"
"856","Hexane",-2.615,1,86.178,0,0,3,0,-3.84,"CCCCCC","hexane"
"857","methyl nicotinate",-1.621,1,137.138,0,1,1,39.19,-0.46,"COC(=O)c1cccnc1","methyl nicotinate"
"858","Bendroflumethiazide",-3.741,1,421.422,3,3,3,118.36,-3.59,"NS(=O)(=O)c3cc2c(NC(Cc1ccccc1)NS2(=O)=O)cc3C(F)(F)F","bendroflumethiazide"
"859","2,3,3',4,4',5-PCB",-7.425,1,360.882,0,2,1,0,-7.82,"Clc1ccc(cc1Cl)c2cc(Cl)c(Cl)c(Cl)c2Cl","2,3,3',4,4',5-pcb"
"860","Vinclozolin",-4.377,1,286.114,0,2,2,46.61,-4.925,"CC1(OC(=O)N(C1=O)c2cc(Cl)cc(Cl)c2)C=C","vinclozolin"
"861","Cyanazine",-2.49,1,240.698,2,1,4,86.52,-3.15,"CCNc1nc(Cl)nc(NC(C)(C)C#N)n1","cyanazine"
"862","Triphenylene",-5.568,2,228.294,0,4,0,0,-6.726,"c1ccc2c(c1)c3ccccc3c4ccccc24","triphenylene"
"863","Dienestrol",-4.775,1,266.34,2,2,3,40.46,-4.95,"CC=C(C(=CC)c1ccc(O)cc1)c2ccc(O)cc2","dienestrol"
"864","Di(2-ethylhexyl)-phthalate",-7.117,1,390.564,0,1,14,52.6,-6.96,"CCCCC(CC)COC(=O)c1ccccc1C(=O)OCC(CC)CCCC","di(2-ethylhexyl)-phthalate"
"865","2-Ethyl pyridine",-2.051,1,107.156,0,1,1,12.89,0.51,"CCc1ccccn1","2-ethyl pyridine"
"866","Naled",-3.548,1,380.784,0,0,5,44.76,-2.28,"COP(=O)(OC)OC(Br)C(Cl)(Cl)Br","naled"
"867","Biphenyl",-4.079,2,154.212,0,2,1,0,-4.345,"c1ccc(cc1)c2ccccc2","biphenyl"
"868","2,2',4,4',6,6'-PCB",-7.179,1,360.882,0,2,1,0,-8.71,"Clc1cc(Cl)c(c(Cl)c1)c2c(Cl)cc(Cl)cc2Cl","2,2',4,4',6,6'-pcb"
"869","Altretamine",-2.492,1,210.285,0,1,3,48.39,-3.364,"CN(C)c1nc(nc(n1)N(C)C)N(C)C","altretamine"
"870","2,4-Dimethyl-2-pentanol",-1.647,1,116.204,1,0,2,20.23,-0.92,"CC(C)CC(C)(C)O","2,4-dimethyl-2-pentanol"
"871","Cycloheptyl-5-spirobarbituric acid",-1.844,1,210.233,2,2,0,75.27,-3.168,"O=C2NC(=O)C1(CCCCCC1)C(=O)N2","cycloheptyl-5-spirobarbituric acid"
"872","Fructose",0.471,1,180.156,5,1,2,110.38,0.64,"OCC1OC(O)(CO)C(O)C1O","fructose"
"873","3,5-Dimethylphenol",-2.652,1,122.167,1,1,0,20.23,-1.4,"Cc1cc(C)cc(O)c1","3,5-dimethylphenol"
"874","Barban",-4.16,1,258.104,1,1,2,38.33,-4.37,"ClCC#CCOC(=O)Nc1cccc(Cl)c1","barban"
"875","p-Chloroacetanilide",-2.642,1,169.611,1,1,1,29.1,-2.843,"CC(=O)Nc1ccc(Cl)cc1","p-chloroacetanilide"
"876","2,2',3,4,5,5',6-PCB",-7.898,1,395.327,0,2,1,0,-8.94,"Clc1ccc(Cl)c(c1)c2c(Cl)c(Cl)c(Cl)c(Cl)c2Cl","2,2',3,4,5,5',6-pcb"
"877","2,2-Dimethylbutane",-2.584,1,86.178,0,0,0,0,-3.55,"CCC(C)(C)C","2,2-dimethylbutane"
"878","N-Methylaniline",-2.097,1,10715.6,1,1,1,12.03,-1.28,"CNc1ccccc1","n-methylaniline"
"879","1,4-Pentadiene",-1.758,1,68.119,0,0,2,0,-2.09,"C=CCC=C","1,4-pentadiene"
"880","Hydrocortisone 21-acetate",-3.692,1,404.503,2,4,3,100.9,-4.88,"CC(=O)OCC(=O)C1(O)CCC2C3CCC4=CC(=O)CCC4(C)C3C(O)CC21C","hydrocortisone 21-acetate"
"881","DNOC",-2.818,1,198.134,1,1,2,106.51,-1.456,"Cc1cc(cc(N(=O)=O)c1O)N(=O)=O","dnoc"
"882","Lorazepam",-3.75,1,321.163,2,3,1,61.69,-3.604,"OC3N=C(c1ccccc1Cl)c2cc(Cl)ccc2NC3=O","lorazepam"
"883","3-Chlorophenol",-2.761,1,128.558,1,1,0,20.23,-0.7,"Oc1cccc(Cl)c1","3-chlorophenol"
"884","m-Chlorobromobenzene",-3.928,1,191.455,0,1,0,0,-3.21,"Clc1cccc(Br)c1","m-chlorobromobenzene"
"885","chlorothiazide",-1.752,1,295.729,2,2,1,118.69,-3.05,"NS(=O)(=O)c2cc1c(N=CNS1(=O)=O)cc2Cl","chlorothiazide"
"886","5-Methyl-5-ethylbarbituric acid",-0.911,1,170.168,2,1,1,75.27,-1.228,"O=C1NC(=O)NC(=O)C1(C)CC","5-methyl-5-ethylbarbituric acid"
"887","2-Phenoxyethanol",-1.761,1,138.166,1,1,3,29.46,-0.7,"OCCOc1ccccc1","2-phenoxyethanol"
"888","Diphenylmethane",-4.09,2,168.239,0,2,2,0,-4.08,"C(c1ccccc1)c2ccccc2","diphenylmethane"
"889","3-Octanol",-2.033,1,130.231,1,0,5,20.23,-1.98,"CCCCCC(O)CC","3-octanol"
"890","Flumetralin",-6.584,1,421.734,0,2,6,89.52,-6.78,"CCN(Cc1c(F)cccc1Cl)c2c(cc(cc2N(=O)=O)C(F)(F)F)N(=O)=O","flumetralin"
"891","Propazine",-3.329,1,229.715,2,1,4,62.73,-4.43,"CC(C)Nc1nc(Cl)nc(NC(C)C)n1","propazine"
"892","2-Methylpentanol",1381,1,102.177,1,0,3,20.23,-1.11,"CCCC(C)CO","2-methylpentanol"
"893","2-Methyl-2-hexanol",-1.663,1,116.204,1,0,3,20.23,-1.08,"CCCCC(C)(C)O","2-methyl-2-hexanol"
"894","Ethylbenzene",-2.988,1,106.168,0,1,1,0,-2.77,"CCc1ccccc1","ethylbenzene"
"895","5-(3-Methyl-2-butenyl)-5-ethylbarbital",-2.126,1,224.26,2,1,3,75.27,-2.253,"O=C1NC(=O)NC(=O)C1(CC)CC=C(C)C","5-(3-methyl-2-butenyl)-5-ethylbarbital"
"896","Heptachlor",-5.26,1,373.321,0,3,0,0,-6.317,"ClC1C=CC2C1C3(Cl)C(=C(Cl)C2(Cl)C3(Cl)Cl)Cl","heptachlor"
"897","butallylonal",-2.766,1,303.156,2,1,4,75.27,-2.647,"CCC(C)C1(CC(Br)=C)C(=O)NC(=O)NC1=O","butallylonal"
"898","Fenpropathrin",-6.15,1,349.43,0,3,5,59.32,-6.025,"CC1(C)C(C(=O)OC(C#N)c2cccc(Oc3ccccc3)c2)C1(C)C","fenpropathrin"
"899","Methoprene",-4.795,1,310.478,0,0,10,35.53,-5.19,"COC(C)(C)CCCC(C)CC=CC(C)=CC(=O)OC(C)C","methoprene"
"900","Ethyl propionate",-1.191,1,102.133,0,0,2,26.3,-0.66,"CCOC(=O)CC","ethyl propionate"
"901","Prometryn",-3.693,1,241.364,2,1,5,62.73,-4.1,"CSc1nc(NC(C)C)nc(NC(C)C)n1","prometryn"
"902","Buturon",-3.199,1,236.702,1,1,2,32.34,-3.9,"CC(C#C)N(C)C(=O)Nc1ccc(Cl)cc1","buturon"
"903","2,3-Dimethylnaphthalene",-4.116,1,156.228,0,2,0,0,-4.72,"Cc1cc2ccccc2cc1C","2,3-dimethylnaphthalene"
"904","2,4',5-PCB",-5.762,1,257.547,0,2,1,0,-6.25,"Clc1ccc(cc1)c2cc(Cl)ccc2Cl","2,4',5-pcb"
"905","2,3',4,4',5-PCB",-7.343,1,360.882,0,2,1,0,-7.39,"Clc1ccc(c(Cl)c1)c2cc(Cl)c(Cl)c(Cl)c2Cl","2,3',4,4',5-pcb"
"906","2-cyanoguanidine",0.361,1,84.082,2,0,0,88.19,-0.31,"NC(N)=NC#N","2-cyanoguanidine"
"907","Chloropicrin",-1.866,1,164.375,0,0,0,43.14,-2,"ClC(Cl)(Cl)N(=O)=O","chloropicrin"
"908","2,6-PCB",-4.984,1,223.102,0,2,1,0,-5.21,"Clc1cccc(Cl)c1c2ccccc2","2,6-pcb"
"909","p-Methoxybenzaldehyde",-2.252,1,136.15,0,1,2,26.3,-1.49,"COc1ccc(C=O)cc1","p-methoxybenzaldehyde"
"910","4-Nitroacetanilide",-2.219,1,180.163,1,1,2,72.24,-2.692,"CC(=O)Nc1ccc(cc1)N(=O)=O","4-nitroacetanilide"
"911","Ethyl heptanoate",-2.608,1,158.241,0,0,6,26.3,-2.74,"CCCCCCC(=O)OCC","ethyl heptanoate"
"912","p-Hydroxyacetanilide",-1.495,1,151.165,2,1,1,49.33,-1.03,"CC(=O)Nc1ccc(O)cc1","p-hydroxyacetanilide"
"913","indazole",-2.34,2,118.139,1,2,0,28.68,-2.16,"c2ccc1[nH]ncc1c2","indazole"
"914","triamcinolone acetonide",-3.928,1,434.504,2,5,2,93.06,-4.31,"CC5(C)OC4CC3C2CCC1=CC(=O)C=CC1(C)C2(F)C(O)CC3(C)C4(O5)C(=O)CO","triamcinolone acetonide"
"915","guanine",-0.67,1,151.129,3,2,0,100.45,-3.583,"Nc2nc1[nH]cnc1c(=O)[nH]2","guanine"
"916","Methyl acetate",-0.416,1,74.079,0,0,0,26.3,0.46,"COC(=O)C","methyl acetate"
"917","Stanolone",-3.882,1,290.447,1,4,0,37.3,-4.743,"CC34CCC1C(CCC2CC(=O)CCC12C)C3CCC4O","stanolone"
"918","1-Hexene-3-ol",-1.199,1,100.161,1,0,3,20.23,-0.59,"CCCC(O)C=C","1-hexene-3-ol"
"919","norbormide",-4.238,1,511.581,2,7,5,92.18,-3.931,"OC(C1=CC2C5C(C1C2=C(c3ccccc3)c4ccccn4)C(=O)NC5=O)(c6ccccc6)c7ccccn7","norbormide"
"920","Dibutyl ether",-2.135,1,130.231,0,0,6,9.23,-1.85,"CCCCOCCCC","dibutyl ether"
"921","1-Dodecanol",-3.523,1,186.339,1,0,10,20.23,-4.8,"CCCCCCCCCCCCO","1-dodecanol"
"922","RTI 6",-3.335,1,313.361,2,3,4,81.59,-3.36,"CCN2c1nc(N(C)(CCO))ccc1NC(=O)c3cccnc23","rti 6"
"923","2-Methyl-2-pentanol",-1.308,1,102.177,1,0,2,20.23,-0.49,"CCCC(C)(C)O","2-methyl-2-pentanol"
"924","Flucytosine",-0.132,1,129.094,2,1,0,71.77,-0.972,"Nc1nc(=O)[nH]cc1F","flucytosine"
"925","stadacaine",-5.128,1,293.407,0,1,9,38.77,-3.84,"CCCCOc1ccc(C(=O)OCC)c(c1)N(CC)CC","stadacaine"
"926","2-Methyl-2-heptanol",-2.017,1,130.231,1,0,4,20.23,-1.72,"CCCCCC(C)(C)O","2-methyl-2-heptanol"
"927","Hexamethylbenzene",-4.361,1,162.276,0,1,0,0,-5.23,"Cc1c(C)c(C)c(C)c(C)c1C","hexamethylbenzene"
"928","Thymol",-3.129,1,150.221,1,1,1,20.23,-2.22,"CC(C)c1ccc(C)cc1O","thymol"
"929","Pteridine",-0.906,2,132.126,0,2,0,51.56,0.02,"c2cnc1ncncc1n2","pteridine"
"930","Parathion",-3.949,1,291.265,0,1,7,70.83,-4.66,"CCOP(=S)(OCC)Oc1ccc(cc1)N(=O)=O","parathion"
"931","Methane",-0.636,0,16.043,0,0,0,0,-0.9,"C","methane"
"932","indoline",-2.195,2,119.167,1,2,0,12.03,-1.04,"c2ccc1NCCc1c2","indoline"
"933","1-Nitronapthalene",-3.414,1,173.171,0,2,1,43.14,-3.54,"O=N(=O)c1cccc2ccccc12","1-nitronapthalene"
"934","3-Methyl-2-pentanone",-1.266,1,100.161,0,0,2,17.07,-0.67,"CCC(C)C(=O)C","3-methyl-2-pentanone"
"935","isoguanine",-1.74,1,151.129,3,2,0,100.71,-3.401,"Nc1nc(O)nc2nc[nH]c12","isoguanine"
"936","bromadiolone",-7.877,1,527.414,2,5,6,70.67,-4.445,"OC(CC(c1ccccc1)c3c(O)c2ccccc2oc3=O)c4ccc(cc4)c5ccc(Br)cc5","bromadiolone"
"937","Nitromethane",-0.042,1,61.04,0,0,0,43.14,0.26,"CN(=O)=O","nitromethane"
"938","Triallate",-4.578,1,304.67,0,0,4,20.31,-4.88,"CC(C)N(C(C)C)C(=O)SCC(Cl)=C(Cl)Cl","triallate"
"939","1,5-Hexadiene",-2.112,1,82.146,0,0,3,0,-2.68,"C=CCCC=C","1,5-hexadiene"
"940","Indole",-2.654,2,117.151,1,2,0,15.79,-1.52,"c2ccc1[nH]ccc1c2","indole"
"941","Androstenedione",-3.393,1,286.415,0,4,0,34.14,-3.69,"CC34CCC1C(CCC2=CC(=O)CCC12C)C3CCC4=O","androstenedione"
"942","1-Hexene",-2.364,1,84.162,0,0,3,0,-3.23,"CCCCC=C","1-hexene"
"943","Xipamide",-3.642,1,354.815,3,2,3,109.49,-3.79,"Cc1cccc(C)c1NC(=O)c2cc(c(Cl)cc2O)S(N)(=O)=O","xipamide"
"944","Ethylcyclohexane",-3.245,1,112.216,0,1,1,0,-4.25,"CCC1CCCCC1","ethylcyclohexane"
"945","2-Nonanone",-2.263,1,142.242,0,0,6,17.07,-2.58,"CCCCCCCC(=O)C","2-nonanone"
"946","Mebendazole",-4.118,1,295.298,2,3,3,84.08,-3.88,"COC(=O)Nc2nc1ccc(cc1[nH]2)C(=O)c3ccccc3","mebendazole"
"947","Chloropham",-3.544,1,213.664,1,1,2,38.33,-3.38,"CC(C)OC(=O)Nc1cccc(Cl)c1","chloropham"
"948","RTI 12",-3.446,1,288.738,0,3,1,49.33,-4.114,"CCN2c1nc(Cl)ccc1N(C)C(=O)c3cccnc23","rti 12"
"949","Carbaryl",-3.087,1,201.225,1,2,1,38.33,-3.224,"CNC(=O)Oc1cccc2ccccc12","carbaryl"
"950","Ethyne",-0.252,1,26.038,0,0,0,0,0.29,"C#C","ethyne"
"951","3,5-Dimethylpyridine",-2.098,1,107.156,0,1,0,12.89,0.38,"Cc1cncc(C)c1","3,5-dimethylpyridine"
"952","1,4-Cyclohexadiene",-1.842,2,80.13,0,1,0,0,-2.06,"C1C=CCC=C1","1,4-cyclohexadiene"
"953","Mecarbam",-3.738,1,329.38,0,0,8,65.07,-2.518,"CCOC(=O)N(C)C(=O)CSP(=S)(OCC)OCC","mecarbam"
"954","1-Phenylethanol",-1.919,1,122.167,1,1,1,20.23,-0.92,"CC(O)c1ccccc1","1-phenylethanol"
"955","1,2-Dichloropropane",-1.794,1,112.987,0,0,1,0,-1.6,"CC(Cl)CCl","1,2-dichloropropane"
"956","2-Ethyl-2-hexanal",-2.081,1,126.199,0,0,4,17.07,-2.46,"CCCC=C(CC)C=O","2-ethyl-2-hexanal"
"957","Disulfoton",-3.975,1,274.413,0,0,9,18.46,-4.23,"CCOP(=S)(OCC)SCCSCC","disulfoton"
"958","methyltestosterone acetate",-4.863,1,344.495,0,4,1,43.37,-5.284,"CC(=O)OC3(C)CCC4C2CCC1=CC(=O)CCC1(C)C2CCC34C","methyltestosterone acetate"
"959","2,4,6-PCB",-5.604,1,257.547,0,2,1,0,-6.14,"Clc1ccc(cc1)c2c(Cl)cccc2Cl","2,4,6-pcb"
"960","difluron",-4.692,1,310.687,2,2,2,58.2,-6.02,"Fc1cccc(F)c1C(=O)NC(=O)Nc2ccc(Cl)cc2","difluron"
"961","Triclosan",-5.645,1,289.545,1,2,2,29.46,-4.46,"Oc1cc(Cl)ccc1Oc2ccc(Cl)cc2Cl","triclosan"
"962","diisooctyl phthalate",-7.117,1,390.564,0,1,14,52.6,-6.637,"c1(C(=O)OCCCCCC(C)(C))c(C(=O)OCCCCCC(C)(C))cccc1","diisooctyl phthalate"
"963","Corticosterone",-3.454,1,346.467,2,4,2,74.6,-3.24,"CC12CC(O)C3C(CCC4=CC(=O)CCC34C)C2CCC1C(=O)CO","corticosterone"
"964","1,3,5-Trimethylbenzene",-3.375,1,120.195,0,1,0,0,-3.4,"Cc1cc(C)cc(C)c1","1,3,5-trimethylbenzene"
"965","dioctyl phthalate",-7.148,1,390.564,0,1,16,52.6,-5.115,"CCCCCCCCOC(=O)c1ccccc1C(=O)OCCCCCCCC","dioctyl phthalate"
"966","1-Pentadecanol",-4.586,1,228.42,1,0,13,20.23,-6.35,"CCCCCCCCCCCCCCCO","1-pentadecanol"
"967","2,2',6,6'-PCB",-5.915,1,-291.992,0,2,1,0,-7.39,"Clc1cccc(Cl)c1c2c(Cl)cccc2Cl","2,2',6,6'-pcb"
"968","5,5-Dimethylbarbituric acid",-0.556,1,156.141,2,1,0,75.27,-1.742,"O=C1NC(=O)NC(=O)C1(C)C","5,5-dimethylbarbituric acid"
"969","2-Iodopropane",-2.486,1,169.993,0,0,0,0,-2.09,"CC(C)I","2-iodopropane"
"970","1,2-Dinitrobenzene",-2.281,1,168.108,0,1,2,86.28,-3.1,"O=N(=O)c1ccccc1N(=O)=O","1,2-dinitrobenzene"
"971","3-Methyl-2-butanone",-0.912,1,86.134,0,0,1,17.07,-0.12,"CC(C)C(=O)C","3-methyl-2-butanone"
"972","Hexadecane",-6.159,1,226.448,0,0,13,0,-8.4,"CCCCCCCCCCCCCCCC","hexadecane"
"973","1,8-Cineole",-2.579,1,154.253,0,3,0,9.23,-1.74,"CC12CCC(CC1)C(C)(C)O2","1,8-cineole"
"974","Tricyclazole",-2.868,1,189.243,0,3,0,30.19,-2.07,"Cc2cccc3sc1nncn1c23","tricyclazole"
"975","2-Octanone",-1.909,1,128.215,0,0,5,17.07,-2.05,"CCCCCCC(=O)C","2-octanone"
"976","Methyl nonanoate",-2.962,1,172.268,0,0,7,26.3,-3.38,"CCCCCCCCC(=O)OC","methyl nonanoate"
"977","1,4-Difluorobenzene",-2.636,1,114.094,0,1,0,0,-1.97,"Fc1ccc(F)cc1","1,4-difluorobenzene"
"978","Thalidomide",-1.944,1,258.233,1,3,1,83.55,-2.676,"O=C1N(C2CCC(=O)NC2=O)C(=O)c3ccccc13","thalidomide"
"979","Trifluralin",-5.205,1,335.282,0,1,7,89.52,-5.68,"CCCN(CCC)c1c(cc(cc1N(=O)=O)C(F)(F)F)N(=O)=O","trifluralin"
"980","Ethanol",0.02,1,46.069,1,0,0,20.23,1.1,"CCO","ethanol"
"981","Cyclopentyl-5-spirobarbituric acid",-0.966,1,NA,2,2,0,NA,-2.349,"O=C2NC(=O)C1(CCCC1)C(=O)N2","cyclopentyl-5-spirobarbituric acid"
"982","Carbetamide",-2.29,1,236.271,2,1,4,67.43,-1.83,"c1c(NC(=O)OC(C)C(=O)NCC)cccc1","carbetamide"
"983","phenothrin",-6.763,1,350.458,0,3,6,35.53,-5.24,"CC(C)=CC3C(C(=O)OCc2cccc(Oc1ccccc1)c2)C3(C)C","phenothrin"
"984","Cycluron",-2.629,1,198.31,1,1,1,32.34,-2.218,"CN(C)C(=O)NC1CCCCCCC1","cycluron"
"985","Mirex",-6.155,1,545.546,0,6,0,0,-6.8,"ClC1(C2(Cl)C3(Cl)C4(Cl)C5(Cl)C1(Cl)C3(Cl)Cl)C5(Cl)C(Cl)(Cl)C24Cl","mirex"
"986","1-Bromooctane",-3.721,1,193.128,0,0,6,0,-5.06,"CCCCCCCCBr","1-bromooctane"
"987","Benomyl",-2.902,1,290.323,2,2,4,85.25,-4.883,"CCCCNC(=O)n1c(NC(=O)OC)nc2ccccc12","benomyl"
"988","aminopyrine",-2.129,1,231.299,0,2,2,30.17,-0.364,"CN(C)c2c(C)n(C)n(c1ccccc1)c2=O","aminopyrine"
"989","3-Pentanol",-0.97,1,88.15,1,0,2,20.23,-0.24,"CCC(O)CC","3-pentanol"
"990","p-Nitrotoluene",-2.64,1,137.138,0,1,1,NA,-2.49,"Cc1ccc(cc1)N(=O)=O","p-nitrotoluene"
"991","4-Methylpentanol",-1.381,1,102.177,1,0,3,20.23,-1.14,"CC(C)CCCO","4-methylpentanol"
"992","Norethisterone",-2.669,1,314.425,2,4,0,57.53,-4.57,"CC34CCC1C(CCC2=CC(=O)CCC12O)C3CCC4(O)C#C","norethisterone"
"993","bromopropylate",-5.833,1,428.12,1,2,4,46.53,-4.93,"CC(C)OC(=O)C(O)(c1ccc(Br)cc1)c2ccc(Br)cc2","bromopropylate"
"994","Pyrazon",-2.603,1,221.647,1,2,1,60.91,-2.878,"Nc2cnn(c1ccccc1)c(=O)c2Cl","pyrazon"
"995","2-Methylbutan-2-ol",-0.954,1,88.15,1,0,1,20.23,0.15,"CCC(C)(C)O","2-methylbutan-2-ol"
"996","p-Cresol",-2.313,1,108.14,1,1,0,20.23,-0.73,"Cc1ccc(O)cc1","p-cresol"
"997","Ethyl formate",-0.402,1,74.079,0,0,2,26.3,0.15,"CCOC=O","ethyl formate"
"998","N,N-Dimethylaniline",-2.542,1,121.183,0,1,1,3.24,-1.92,"CN(C)c1ccccc1","n,n-dimethylaniline"
"999","Decalin",-3.715,2,138.254,0,2,0,0,-5.19,"C1CCC2CCCCC2C1","decalin"
"1000","Butanethiol",-1.676,1,90.191,1,0,2,0,-2.18,"CCCCS","butanethiol"
"1001","Benzo(e)pyrene",-6.007,2,252.316,0,5,0,0,-7.8,"c1ccc2c(c1)c3cccc4ccc5cccc2c5c43","benzo(e)pyrene"
"1002","Tetrachloroethylene",-3.063,1,165.834,0,0,0,0,-2.54,"ClC(=C(Cl)Cl)Cl","tetrachloroethylene"
"1003","3-Pentanone",-0.912,1,86.134,0,0,2,17.07,-0.28,"CCC(=O)CC","3-pentanone"
"1004","Acrylonitrile",-0.354,1,53.064,0,0,0,23.79,0.15,"C=CC#N","acrylonitrile"
"1005","Flumethasone",-3.539,1,410.457,3,4,2,94.83,-5.613,"CC1CC2C3CC(F)C4=CC(=O)C=CC4(C)C3(F)C(O)CC2(C)C1(O)C(=O)CO","flumethasone"
"1006","2-Hexanone",-1.2,1,100.161,0,0,3,17.07,-0.8,"CCCCC(=O)C","2-hexanone"
"1007","Terbumeton",-3.505,1,225.296,2,1,4,71.96,-3.239,"CCNc1nc(NC(C)(C)C)nc(OC)n1","terbumeton"
"1008","3-Methylheptane",-3.308,1,114.232,0,0,4,0,-5.16,"CCCCC(C)CC","3-methylheptane"
"1009","1,2-Dibromoethane",-2.102,1,187.862,0,0,1,0,-1.68,"BrCCBr","1,2-dibromoethane"
"1010","Isoprocarb",-2.734,1,193.246,1,1,2,38.33,-2.863,"CNC(=O)Oc1ccccc1C(C)C","isoprocarb"
"1011","Niridazole",-1.948,1,214.206,1,2,2,88.37,-3.22,"O=C1NCCN1c2ncc(s2)N(=O)=O","niridazole"
"1012","Benzo(a)fluorene",-5.189,2,216.283,0,4,0,0,-6.68,"C1c2ccccc2c3ccc4ccccc4c13","benzo(a)fluorene"
"1013","2-Chloroanisole",-2.912,1,142.585,0,1,1,9.23,-2.46,"COc1ccccc1Cl","2-chloroanisole"
"1014","Bromophos",-5.604,1,366,0,1,4,27.69,-6.09,"COP(=S)(OC)Oc1cc(Cl)c(Br)cc1Cl","bromophos"
"1015","Quinonamid",-3.988,1,332.57,1,2,3,63.24,-5.03,"ClC(Cl)CC(=O)NC2=C(Cl)C(=O)c1ccccc1C2=O","quinonamid"
"1016","P,P'-DDD",-6.008,1,320.046,0,2,3,0,-7.2,"ClC(Cl)C(c1ccc(Cl)cc1)c2ccc(Cl)cc2","p,p'-ddd"
"1017","Methyl acrylate",-0.878,1,86.09,0,0,1,26.3,-0.22,"COC(=O)C=C","methyl acrylate"
"1018","Chloroxuron",-4.477,1,290.75,1,2,3,41.57,-4.89,"CN(C)C(=O)Nc2ccc(Oc1ccc(Cl)cc1)cc2","chloroxuron"
"1019","Azobenzene",-4.034,2,182.226,0,2,2,24.72,-4.45,"N(=Nc1ccccc1)c2ccccc2","azobenzene"
"1020","4-Isopropyltoluene",-3.617,1,134.222,0,1,1,0,-3.77,"CC(C)c1ccc(C)cc1","4-isopropyltoluene"
"1021","2,6-Dichlorophenol",-3.012,1,163.003,1,1,0,20.23,-1.79,"Oc1c(Cl)cccc1Cl","2,6-dichlorophenol"
"1022","Sucrose",0.31,1,342.297,8,2,5,189.53,0.79,"OCC2OC(OC1(CO)OC(CO)C(O)C1O)C(O)C(O)C2O","sucrose"
"1023","d-inositol",-0.887,1,180.156,6,1,0,121.38,0.35,"OC1C(O)C(O)C(O)C(O)C1O","d-inositol"
"1024","Dyphylline",-0.847,1,254.246,2,2,3,102.28,-0.17,"Cn2c(=O)n(C)c1ncn(CC(O)CO)c1c2=O","dyphylline"
"1025","Chloramphenicol",-2.613,1,323.132,3,1,6,112.7,-2.111,"OCC(NC(=O)C(Cl)Cl)C(O)c1ccc(cc1)N(=O)=O","chloramphenicol"
"1026","3-Ethyl-3-pentanol",-1.663,1,116.204,1,0,3,20.23,-0.85,"CCC(O)(CC)CC","3-ethyl-3-pentanol"
"1027","Epitostanol",-4.545,1,306.515,1,5,0,20.23,-5.41,"CC45CCC2C(CCC3CC1SC1CC23C)C4CCC5O","epitostanol"
"1028","1,2-Dibromobenzene",-4.172,1,235.906,0,1,0,0,-3.5,"Brc1ccccc1Br","1,2-dibromobenzene"
"1029","2,4,6-Trichlorophenol",-3.648,1,197.448,1,1,0,20.23,-2.34,"Oc1c(Cl)cc(Cl)cc1Cl","2,4,6-trichlorophenol"
"1030","oryzalin",-3.784,1,346.365,1,1,8,149.68,-5.16,"CCCN(CCC)c1c(cc(cc1N(=O)=O)S(N)(=O)=O)N(=O)=O","oryzalin"
"1031","RTI 20",-3.663,1,255.292,0,3,2,20.31,-4.799,"C2c1ccccc1N(CCF)C(=O)c3ccccc23","rti 20"
"1032","2,4-Dimethyl-3-pentanone",-1.752,1,114.188,0,0,2,17.07,-1.3,"CC(C)C(=O)C(C)C","2,4-dimethyl-3-pentanone"
"1033","5-(3-Methyl-2-butenyl)-5-isoPrbarbital",-2.465,1,238.287,2,1,3,75.27,-2.593,"O=C1NC(=O)NC(=O)C1(C(C)C)CC=C(C)C","5-(3-methyl-2-butenyl)-5-isoprbarbital"
"1034","gentisin",-1.292,1,262.261,2,3,1,75.99,-2.943,"c1c(O)C2C(=O)C3cc(O)ccC3OC2cc1(OC)","gentisin"
"1035","Caffeine",-1.498,1,194.194,0,2,0,61.82,-0.876,"Cn1cnc2n(C)c(=O)n(C)c(=O)c12","caffeine"
"1036","Spironolactone",-3.842,1,416.583,0,5,1,60.44,-4.173,"CC(=O)SC4CC1=CC(=O)CCC1(C)C5CCC2(C)C(CCC23CCC(=O)O3)C45","spironolactone"
"1037","3,4-Dimethylphenol",-2.621,1,122.167,1,1,0,20.23,-1.38,"Cc1ccc(O)cc1C","3,4-dimethylphenol"
"1038","Diphenyl ether",-4.254,2,170.211,0,2,2,9.23,-3.96,"O(c1ccccc1)c2ccccc2","diphenyl ether"
"1039","2,2',4,4',5,5'-PCB",-7.343,1,360.882,0,2,1,0,-8.56,"Clc1cc(Cl)c(cc1Cl)c2cc(Cl)c(Cl)cc2Cl","2,2',4,4',5,5'-pcb"
"1040","nicotinamide",-0.964,1,122.127,1,1,1,55.98,0.61,"NC(=O)c1cccnc1","nicotinamide"
"1041","Thiophenol",-2.758,1,110.181,1,1,0,0,-2.12,"Sc1ccccc1","thiophenol"
"1042","XMC",-2.688,1,179.219,1,1,1,38.33,-2.581,"CNC(=O)Oc1cc(C)cc(C)c1","xmc"
"1043","Chlordane",-6.039,1,409.782,0,3,0,0,-6.86,"ClC1CC2C(C1Cl)C3(Cl)C(=C(Cl)C2(Cl)C3(Cl)Cl)Cl","chlordane"
"1044","Dimethyldisulfide",-1.524,1,94.204,0,0,1,0,-1.44,"CSSC","dimethyldisulfide"
"1045","Benzamide",-1.501,1,121.139,1,1,1,43.09,-0.96,"NC(=O)c1ccccc1","benzamide"
"1046","o-Chlorobromobenzene",-3.84,1,191.455,0,1,0,0,-3.19,"Clc1ccccc1Br","o-chlorobromobenzene"
"1047","Monotropitoside",-1.493,1,446.405,6,3,6,184.6,-0.742,"COC(=O)c1ccccc1OC2OC(COC3OCC(O)C(O)C3O)C(O)C(O)C2O","monotropitoside"
"1048","3-Heptanol",-1.678,1,116.204,1,0,4,20.23,-1.47,"CCCCC(O)CC","3-heptanol"
"1049","RTI 15",-3.891,1,268.32,1,3,1,58.12,-4.554,"CCN2c1nc(C)cc(C)c1NC(=O)c3cccnc23","rti 15"
"1050","3,5-Dichlorophenol",-3.428,1,163.003,1,1,0,20.23,-1.34,"Oc1cc(Cl)cc(Cl)c1","3,5-dichlorophenol"
"1051","1-Methylphenanthrene",-4.87,1,192.261,0,3,0,0,-5.85,"Cc1cccc2c1ccc3ccccc32","1-methylphenanthrene"
"1052","2-Ethyl-1-hexanol",-2.089,1,130.231,1,0,5,20.23,-2.11,"CCCCC(CC)CO","2-ethyl-1-hexanol"
"1053","Diallate",-3.827,1,270.225,0,0,4,20.31,-4.286,"CC(C)N(C(C)C)C(=O)SCC(=CCl)Cl","diallate"
"1054","Toluene",-2.713,1,92.141,0,1,0,0,-2.21,"Cc1ccccc1","toluene"
"1055","Nitrapyrin",-3.833,1,230.909,0,1,0,12.89,-3.76,"Clc1cccc(n1)C(Cl)(Cl)Cl","nitrapyrin"
"1056","Cycloheptene",-2.599,2,96.173,0,1,0,0,-3.18,"C1CCC=CCC1","cycloheptene"
"1057","Thiram",-2.444,1,240.444,0,0,0,6.48,-3.9,"CN(C)C(=S)SSC(=S)N(C)C","thiram"
"1058","Griseofulvin",-3.328,1,352.77,0,3,3,71.06,-3.246,"COC1=CC(=O)CC(C)C13Oc2c(Cl)c(OC)cc(OC)c2C3=O","griseofulvin"
"1059","1-Decanol",-2.814,1,158.285,1,0,8,20.23,-3.63,"CCCCCCCCCCO","1-decanol"
"1060","3,3-Dimethylpentane",-2.938,1,100.205,0,0,2,0,-4.23,"CCC(C)(C)CC","3,3-dimethylpentane"
"1061","vamidothion",-1.446,1,287.343,1,0,8,64.63,1.144,"CNC(=O)C(C)SCCSP(=O)(OC)(OC)","vamidothion"
"1062","2,3,4,5-Tetrachlorophenol",-4.335,1,231.893,1,1,0,20.23,-3.15,"Oc1cc(Cl)c(Cl)c(Cl)c1Cl","2,3,4,5-tetrachlorophenol"
"1063","Butyraldehyde",-0.749,1,72.107,0,0,2,17.07,-0.01,"CCCC=O","butyraldehyde"
"1064","dexamethasone acetate",-3.933,1,434.504,2,4,3,100.9,-4.9,"CC4CC3C2CCC1=CC(=O)C=CC1(C)C2(F)C(O)CC3(C)C4(O)C(=O)COC(C)=O","dexamethasone acetate"
"1065","Butane",-1.907,1,58.124,0,0,1,0,-2.57,"CCCC","butane"
"1066","o-Methoxyphenol",-1.941,1,124.139,1,1,1,29.46,-1.96,"COc1ccccc1O","o-methoxyphenol"
"1067","Fluoromethalone",-3.507,1,376.468,2,4,1,74.6,-4.099,"CC1CC2C3CCC(O)(C(=O)C)C3(C)CC(O)C2(F)C4(C)C=CC(=O)C=C14","fluoromethalone"
"1068","Pentachloroethane",-3.382,1,202.295,0,0,0,0,-2.6,"ClC(Cl)C(Cl)(Cl)Cl","pentachloroethane"
"1069","Diethyl phthalate",-3.016,1,222.24,0,1,4,52.6,-2.35,"CCOC(=O)c1ccccc1C(=O)OCC","diethyl phthalate"
"1070","2-Methylpropan-1-ol",-0.672,1,74.123,1,0,1,20.23,0.1,"CC(C)CO","2-methylpropan-1-ol"
"1071","Isobutylbenzene",-3.57,1,134.222,0,1,2,0,-4.12,"CC(C)Cc1ccccc1","isobutylbenzene"
"1072","Diiodomethane",-2.958,1,267.835,0,0,0,0,-2.34,"ICI","diiodomethane"
"1073","4-Heptanol",-1.678,1,116.204,1,0,4,20.23,-1.4,"CCCC(O)CCC","4-heptanol"
"1074","Pentyl acetate",-1.833,1,130.187,0,0,4,26.3,-1.89,"CCCCCOC(=O)C","pentyl acetate"
"1075","2,3,5,6-Tetrachlorophenol",-4.203,1,231.893,1,1,0,20.23,-3.37,"Oc1c(Cl)c(Cl)cc(Cl)c1Cl","2,3,5,6-tetrachlorophenol"
"1076","Propylbenzene",-3.281,1,120.195,0,1,2,0,-3.37,"CCCc1ccccc1","propylbenzene"
"1077","1,2-Dichlorotetrafluoroethane",-2.697,1,170.92,0,0,1,0,-2.74,"FC(F)(Cl)C(F)(F)Cl","1,2-dichlorotetrafluoroethane"
"1078","2-butenal-b",-0.604,1,70.091,0,0,1,17.07,0.32,"CC=CC=O","2-butenal-b"
"1079","tetramethylurea",-0.495,1,116.164,0,0,0,23.55,0.94,"CN(C)C(=O)N(C)C","tetramethylurea"
"1080","1,2,4,5-Tetramethylbenzene",-3.664,1,134.222,0,1,0,0,-4.59,"Cc1cc(C)c(C)cc1C","1,2,4,5-tetramethylbenzene"
"1081","norethindrone acetate",-4.241,1,340.463,0,4,1,43.37,-4.8,"CC(=O)OC3(CCC4C2CCC1=CC(=O)CCC1C2CCC34C)C#C","norethindrone acetate"
"1082","Ditalimfos",-3.992,1,299.288,0,2,5,55.84,-3.35,"CCOP(=S)(OCC)N2C(=O)c1ccccc1C2=O","ditalimfos"
"1083","salicylanilide",-3.782,1,213.236,2,2,2,49.33,-3.59,"c1ccccc1NC(=O)c2c(O)cccc2","salicylanilide"
"1084","Sulfallate",-3.254,1,223.794,0,0,4,3.24,-3.39,"CCN(CC)C(=S)SCC(Cl)=C","sulfallate"
"1085","Chloroethane",-1.165,1,64.515,0,0,0,0,-1.06,"ClCC","chloroethane"
"1086","Mefluidide",-3.165,1,310.297,2,1,3,75.27,-3.24,"CC(=O)Nc1cc(NS(=O)(=O)C(F)(F)F)c(C)cc1C","mefluidide"
"1087","Piperine",-3.659,1,285.343,0,3,3,38.77,-3.46,"O=C(C=CC=Cc2ccc1OCOc1c2)N3CCCCC3","piperine"
"1088","cis-2-Pentene",-2.076,1,70.135,0,0,1,0,-2.54,"CC/C=C\C","cis-2-pentene"
"1089","thiofanox",-2.7,1,218.322,1,0,3,50.69,-1.62,"CNC(=O)ON=C(CSC)C(C)(C)C","thiofanox"
"1090","Cyclooctyl-5-spirobarbituric acid",-2.284,1,224.26,2,2,0,75.27,-2.982,"O=C2NC(=O)C1(CCCCCCC1)C(=O)N2","cyclooctyl-5-spirobarbituric acid"
"1091","butacarb",-4.642,1,263.381,1,1,1,38.33,-4.24,"c1(C(C)(C)C)cc(C(C)(C)C)cc(OC(=O)NC)c1","butacarb"
"1092","Eriodictyol",-3.152,1,288.255,4,3,1,107.22,-3.62,"Oc2cc(O)c1C(=O)CC(Oc1c2)c3ccc(O)c(O)c3","eriodictyol"
"1093","Benzophenone",-3.612,1,182.222,0,2,2,17.07,-3.12,"O=C(c1ccccc1)c2ccccc2","benzophenone"
"1094","Eicosane",-7.576,1,282.556,0,0,17,0,-8.172,"CCCCCCCCCCCCCCCCCCCC","eicosane"
"1095","hydrazobenzene",-3.492,2,184.242,2,2,3,24.06,-2.92,"N(Nc1ccccc1)c2ccccc2","hydrazobenzene"
"1096","2-Ethyl-1-butanol",-1.381,1,NA,1,0,3,20.23,-1.17,"CCC(CC)CO","2-ethyl-1-butanol"
"1097","4-hydroxypyridine",-1.655,1,95.101,1,1,0,33.12,1.02,"Oc1ccncc1","4-hydroxypyridine"
"1098","cis 1,2-Dichloroethylene",-1.561,1,96.944,0,0,0,0,-1.3,"Cl\C=C/Cl","cis 1,2-dichloroethylene"
"1099","Methylcyclopentane",-2.452,1,84.162,0,1,0,0,-3.3,"CC1CCCC1","methylcyclopentane"
"1100","4-Methyl-2-pentanol",-1.308,1,102.177,1,0,2,20.23,-0.8,"CC(C)CC(C)O","4-methyl-2-pentanol"
"1101","RTI 11",-3.125,1,254.289,1,3,0,55.56,-3.928,"O2c1ccc(N)cc1N(C)C(=O)c3cc(C)ccc23","rti 11"
"1102","2,2-Dimethylpropanol",-1.011,1,88.15,1,0,0,20.23,-0.4,"CC(C)(C)CO","2,2-dimethylpropanol"
"1103","Triadimefon",-4.132,1,293.754,0,2,4,57.01,-3.61,"CC(C)(C)C(=O)C(Oc1ccc(Cl)cc1)n2cncn2","triadimefon"
"1104","Isocarboxazid",-2.251,1,231.255,2,2,4,67.16,-2.461,"Cc1cc(no1)C(=O)NNCc2ccccc2","isocarboxazid"
"1105","Propylene",-1.235,1,42.081,0,0,0,0,-1.08,"CC=C","propylene"
"1106","Dichlorophen",-4.924,1,269.127,2,2,2,40.46,-3.953,"Oc1ccc(Cl)cc1Cc2cc(Cl)ccc2O","dichlorophen"
"1107","Desmedipham",-4.182,1,300.314,2,2,4,76.66,-4.632,"CCOC(=O)Nc2cccc(OC(=O)Nc1ccccc1)c2","desmedipham"
"1108","Anthraquinone",-3.34,1,208.216,0,3,0,34.14,-5.19,"O=C1c2ccccc2C(=O)c3ccccc13","anthraquinone"
"1109","2-Octanol",-2.033,1,130.231,1,0,5,20.23,-2.09,"CCCCCCC(C)O","2-octanol"
"1110","Oxycarboxin",-2.169,1,267.306,1,2,2,72.47,-2.281,"CC1=C(C(=O)Nc2ccccc2)S(=O)(=O)CCO1","oxycarboxin"
"1111","Butylbenzene",-3.585,1,134.222,0,1,3,0,-4.06,"CCCCc1ccccc1","butylbenzene"
"1112","parabanic acid",1.091,1,114.06,2,1,0,75.27,-0.4,"O=C1NC(=O)C(=O)N1","parabanic acid"
"1113","Abate",-6.678,1,466.479,0,2,10,55.38,-6.237,"COP(=S)(OC)Oc1ccc(Sc2ccc(OP(=S)(OC)OC)cc2)cc1","abate"
"1114","Chlorthalidone",-2.564,1,338.772,3,3,2,109.49,-3.451,"NS(=O)(=O)c1cc(ccc1Cl)C2(O)NC(=O)c3ccccc23","chlorthalidone"
"1115","Isobutyl acetate",-1.463,1,116.16,0,0,2,26.3,-1.21,"CC(C)COC(=O)C","isobutyl acetate"
"1116","2,2,3-Trimethylbutane",-2.922,1,100.205,0,0,0,0,-4.36,"CC(C)C(C)(C)C","2,2,3-trimethylbutane"
"1117","2,3,3',4,4'6-PCB",-7.746,1,395.327,0,2,1,0,-7.66,"Clc1ccc(c(Cl)c1Cl)c2c(Cl)cc(Cl)c(Cl)c2Cl","2,3,3',4,4'6-pcb"
"1118","Phthalonitrile",-1.717,1,128.134,0,1,0,47.58,-2.38,"N#Cc1ccccc1C#N","phthalonitrile"
"1119","m-Nitrotoluene",-2.64,1,137.138,0,1,1,43.14,-2.44,"Cc1cccc(c1)N(=O)=O","m-nitrotoluene"
"1120","halothane",-2.608,1,197.381,0,0,0,0,-1.71,"FC(F)(F)C(Cl)Br","halothane"
"1121","Oxamyl",-0.908,1,219.266,1,0,1,71,0.106,"CNC(=O)ON=C(SC)C(=O)N(C)C","oxamyl"
"1122","Thiometon",-3.323,1,246.359,0,0,7,18.46,-3.091,"CCSCCSP(=S)(OC)OC","thiometon"
"1123","2-Methylbutane",-2.245,1,72.151,0,0,1,0,-3.18,"CCC(C)C","2-methylbutane"
"1124","Stirofos",-4.32,1,365.964,0,1,5,44.76,-4.522,"COP(=O)(OC)OC(=CCl)c1cc(Cl)c(Cl)cc1Cl","stirofos"
